frm,height,pxW,cmW,gsdE,gsdT,predE(cm),predT(cm),errorE2,errorT2
1,85.75,64.0,174,2.794,2.864,178.816,183.296,23.193856000000025,86.41561599999986
3,85.76,69.0,174,2.794,2.864,192.786,197.61599999999999,352.91379600000005,557.7154559999993
4,85.76,62.0,174,2.794,2.864,173.228,177.56799999999998,0.5959839999999866,12.730623999999883
6,85.76,69.0,174,2.794,2.864,192.786,197.61599999999999,352.91379600000005,557.7154559999993
7,85.76,74.0,174,2.794,2.864,206.756,211.93599999999998,1072.955536,1439.1400959999983
10,85.78,68.0,174,2.795,2.865,190.06,194.82000000000002,257.9236000000001,433.4724000000009
11,85.78,61.0,174,2.795,2.865,170.495,174.76500000000001,12.285024999999969,0.5852250000000226
12,85.78,67.5,174,2.795,2.865,188.6625,193.38750000000002,214.98890624999984,375.87515625000066
13,85.78,65.0,174,2.795,2.865,181.67499999999998,186.22500000000002,58.90562499999974,149.45062500000054
25,85.81,63.5,174,2.795,2.866,177.4825,181.991,12.127806249999914,63.85608100000022
29,85.83,63.0,174,2.796,2.867,176.148,180.621,4.613903999999984,43.837641000000126
40,85.85,67.0,174,2.797,2.867,187.399,192.089,179.53320100000002,327.21192099999996
41,85.85,63.5,174,2.797,2.867,177.6095,182.0545,13.02849024999998,64.87497024999985
43,85.85,68.0,174,2.797,2.867,190.196,194.956,262.3104159999999,439.15393599999953
45,85.86,72.5,174,2.797,2.868,202.7825,207.92999999999998,828.4323062499999,1151.2448999999986
46,85.86,60.0,174,2.797,2.868,167.82000000000002,172.07999999999998,38.192399999999736,3.686400000000061
57,85.89,67.5,174,2.798,2.869,188.865,193.65750000000003,220.96822500000027,386.41730625000105
58,85.89,65.5,174,2.798,2.869,183.269,187.91950000000003,85.9143610000001,193.75248025000076
59,85.89,63.5,174,2.798,2.869,177.673,182.1815,13.490929000000014,66.93694225
64,85.9,68.0,174,2.798,2.869,190.264,195.092,264.51769600000034,444.87246400000055
66,85.9,69.0,174,2.798,2.869,193.062,197.961,363.35984400000046,574.1295210000006
67,85.9,60.5,174,2.798,2.869,169.279,173.5745,22.287841000000036,0.1810502499999996
69,85.91,60.0,174,2.799,2.869,167.94,172.14000000000001,36.723600000000026,3.459599999999945
74,85.91,64.0,174,2.799,2.869,179.136,183.616,26.378495999999956,92.46745600000027
75,85.9,60.5,174,2.798,2.869,169.279,173.5745,22.287841000000036,0.1810502499999996
77,85.9,65.5,174,2.798,2.869,183.269,187.91950000000003,85.9143610000001,193.75248025000076
79,85.9,66.5,174,2.798,2.869,186.067,190.78850000000003,145.61248900000018,281.8537322500009
83,85.9,63.0,174,2.798,2.869,176.274,180.747,5.171076000000004,45.52200900000019
84,85.9,60.0,174,2.798,2.869,167.88,172.14000000000001,37.45440000000006,3.459599999999945
86,85.9,68.0,174,2.798,2.869,190.264,195.092,264.51769600000034,444.87246400000055
89,85.89,62.0,174,2.798,2.869,173.476,177.87800000000001,0.27457600000000093,15.038884000000111
95,85.89,69.0,174,2.798,2.869,193.062,197.961,363.35984400000046,574.1295210000006
102,85.88,73.93,174,2.798,2.868,206.85614,212.03124,1079.5259356996007,1446.3752159375997
108,85.88,60.24,174,2.798,2.868,168.55152,172.76832,29.685934310399883,1.517035622400028
110,85.88,76.94999999999999,174,2.798,2.868,215.30609999999996,220.69259999999997,1706.1938972099965,2180.198894759997
114,85.87,63.2,174,2.797,2.868,176.77040000000002,181.2576,7.6751161600001305,52.672757759999946
119,85.87,68.53,174,2.797,2.868,191.67841,196.54404,312.52618012810046,508.2337395215998
120,85.87,62.980000000000004,174,2.797,2.868,176.15506000000002,180.62664,4.644283603600087,43.91235768960012
123,85.87,64.1,174,2.797,2.868,179.2877,183.83879999999996,27.95977129000001,96.80198543999929
124,85.87,65.43,174,2.797,2.868,183.00771000000003,187.65324,81.13883944410057,186.4109624976003
128,85.87,61.43,174,2.797,2.868,171.81971000000001,176.18124,4.753664484099936,4.757807937600011
132,85.86,69.37,174,2.797,2.868,194.02789,198.95316,401.1163778521005,622.6601939855998
136,85.86,66.49000000000001,174,2.797,2.868,185.97253000000003,190.69332000000003,143.34147460090082,278.66693262240096
139,85.86,70.66,174,2.797,2.868,197.63602,202.65287999999998,558.6614414404,820.987532294399
140,85.86,68.59,174,2.797,2.868,191.84623000000002,196.71612,318.48792521290073,516.0221078543996
141,85.85,65.66,174,2.797,2.867,183.65102,188.24722,93.14218704039978,202.98327772839997
142,85.85,60.75,174,2.797,2.867,169.91775,174.17025,16.6647650624999,0.028985062500003406
144,85.85,63.99,174,2.797,2.867,178.98003000000003,183.45933,24.800698800900275,89.47892404889988
145,85.85,63.1,174,2.797,2.867,176.4907,180.9077,6.20358649000002,47.71631929000008
146,85.85,67.97,174,2.797,2.867,190.11209,194.86999,259.5994441680998,435.5564826001001
147,85.85,60.57,174,2.797,2.867,169.41429000000002,173.65419,21.028736204099793,0.11958455610000011
149,85.85,60.22,174,2.797,2.867,168.43534,172.65073999999998,30.965440915600038,1.8205025476000412
152,85.85,75.23,174,2.797,2.867,210.41831000000002,215.68441,1326.2933032561014,1737.590037048101
153,85.84,70.09,174,2.796,2.867,195.97164,200.94803000000002,482.75296428960036,726.1963208809009
154,85.84,62.735,174,2.796,2.867,175.40705999999997,179.861245,1.9798178435999236,34.35419295002496
157,85.84,63.2,174,2.796,2.867,176.7072,181.1944,7.328931840000002,51.75939136000002
163,85.83,65.62,174,2.796,2.867,183.47352,188.13254,89.74758119040014,199.72868685160017
169,85.83,65.09,174,2.796,2.867,181.99164,186.61303,63.86630988959983,159.08852578090023
171,85.84,60.43,174,2.796,2.867,168.96228,173.25281,25.378622798400073,0.5582928960999838
174,85.84,75.94,174,2.796,2.867,212.32824,217.71998,1469.0539814975996,1911.4366512003994
179,85.85,71.60499999999999,174,2.797,2.867,200.27918499999998,205.29153499999998,690.5955642642242,979.1601626562239
181,85.85,66.805,174,2.797,2.867,186.85358500000004,191.52993500000002,165.21464735222597,307.2986211042258
184,85.84,75.35,174,2.796,2.867,210.67859999999996,216.02845,1345.319697959997,1766.3906094024994
187,85.84,60.06,174,2.796,2.867,167.92776,172.19202,36.872098617599924,3.268791680399951
190,85.84,69.21,174,2.796,2.867,193.51115999999996,198.42506999999998,380.6853645455985,596.5840445048989
192,85.84,64.44999999999999,174,2.796,2.867,180.20219999999995,184.77814999999995,38.46728483999935,116.16851742249901
193,85.84,71.73,174,2.796,2.867,200.55707999999998,205.64991,705.2784981263992,1001.7168030081003
195,85.84,70.14,174,2.796,2.867,196.11144,201.09138000000002,488.91577887359944,733.9428703044008
196,85.84,68.21,174,2.796,2.867,190.71515999999997,195.55807,279.396573825599,464.75038212489943
197,85.84,64.69500000000001,174,2.796,2.867,180.88722,185.480565,47.433799328400184,131.80337271922528
199,85.84,71.265,174,2.796,2.867,199.25694,204.316755,637.9130181635993,919.105633730025
200,85.84,63.02,174,2.796,2.867,176.20392,180.67834000000002,4.857263366400048,44.60022515560026
201,85.83,66.59,174,2.796,2.867,186.18564,190.91353,148.48982220960016,286.0674970609003
202,85.83,65.27,174,2.796,2.867,182.49491999999998,187.12909,72.16366580639965,172.37300422809975
204,85.83,69.55,174,2.796,2.867,194.46179999999998,199.39985,418.68525923999925,645.1523800224993
208,85.84,68.82,174,2.796,2.867,192.42071999999996,197.30693999999997,339.3229253183985,543.2134521635985
209,85.84,69.0,174,2.796,2.867,192.92399999999998,197.823,358.1177759999992,567.5353290000004
210,85.84,69.215,174,2.796,2.867,193.52514,198.43940500000002,381.2310920195997,597.2845167540261
211,85.84,63.05,174,2.796,2.867,176.28779999999998,180.76434999999998,5.2340288399998895,45.75643092249972
212,85.84,64.94,174,2.796,2.867,181.57224,186.18298,57.338818617599905,148.42500168039967
215,85.85,61.04,174,2.797,2.867,170.72888,175.00168,10.700226054399975,1.0033628223999864
217,85.85,66.85,174,2.797,2.867,186.97944999999999,191.65894999999998,168.46612230249963,311.8385151024992
219,85.84,71.94,174,2.796,2.867,201.14423999999997,206.25198,736.8097651775983,1040.1902139204003
222,85.84,64.025,174,2.796,2.867,179.0139,183.55967500000003,25.139193210000066,91.38738610562551
224,85.84,60.35,174,2.796,2.867,168.7386,173.02345,27.682329960000093,0.9536499025000061
226,85.84,77.47,174,2.796,2.867,216.60611999999998,222.10649,1815.281461454398,2314.234380120101
228,85.84,68.305,174,2.796,2.867,190.98078,195.83043500000002,288.34688940840033,476.567892289226
233,85.84,75.47,174,2.796,2.867,211.01412,216.37249,1370.0450793743994,1795.4279088000999
237,85.85,74.1,174,2.797,2.867,207.2577,212.44469999999998,1106.07460929,1477.9949580899988
238,85.85,71.0,174,2.797,2.867,198.58700000000002,203.557,604.5205690000008,873.6162489999992
245,85.84,72.19,174,2.796,2.867,201.84323999999998,206.96873,775.2460136975989,1086.9371578128996
251,85.85,61.37,174,2.797,2.867,171.65189,175.94779,5.513620572099959,3.793885884099991
253,85.85,64.01,174,2.797,2.867,179.03597000000002,183.51667,25.360993840900203,90.5670078889001
257,85.87,61.03,174,2.797,2.868,170.70091000000002,175.03404,10.883994828099857,1.0692387216000094
260,85.87,67.05,174,2.797,2.868,187.53885,192.2994,183.3004593224999,334.86804035999967
261,85.88,71.04,174,2.798,2.868,198.76992,203.74272000000002,613.5489368064007,884.6293929984012
262,85.88,63.12,174,2.798,2.868,176.60976,181.02815999999999,6.810847257599971,49.3950329855998
266,85.88,62.010000000000005,174,2.798,2.868,173.50398,177.84468,0.24603584039998735,14.781564302400085
268,85.89,65.665,174,2.798,2.869,183.73067000000003,188.39288500000004,94.68593864890062,207.155138623226
278,85.91,62.3,174,2.799,2.869,174.37769999999998,178.7387,0.14265728999998184,22.455277689999946
281,85.93,60.61,174,2.799,2.87,169.64739,173.9507,18.945213812099986,0.00243048999999883
295,85.97,70.11,174,2.8,2.871,196.308,201.28581,497.64686399999965,744.5154273560998
301,85.99,71.46,174,2.801,2.872,200.15946,205.23311999999999,684.3173474915998,975.5077849343991
304,86.01,63.17,174,2.802,2.873,177.00234,181.48741,9.014045475600023,56.06130850810017
308,86.01,66.56,174,2.802,2.873,186.50112000000001,191.22688000000002,156.27800125440035,296.7653945344008
310,86.03,65.03,174,2.802,2.873,182.21406000000002,186.83119000000002,67.4707816836003,164.63943681610053
313,86.03,62.64,174,2.802,2.873,175.51728,179.96472000000003,2.3021385983999987,35.57788467840034
318,86.05,62.52,174,2.803,2.874,175.24356,179.68248000000003,1.5464414736000056,32.2905789504003
321,86.07,61.31,174,2.803,2.875,171.85193,176.26625,4.614204724899957,5.135889062500062
326,86.07,71.37,174,2.803,2.875,200.05011000000002,205.18875000000003,678.608231012101,972.7381265625017
328,86.09,68.745,174,2.804,2.875,192.76098,197.64187500000003,351.9743705603996,558.9382535156263
336,86.11,61.22,174,2.805,2.876,171.7221,176.06871999999998,5.188828409999947,4.279602438399937
337,86.11,62.52,174,2.805,2.876,175.36860000000001,179.80752,1.8730659600000408,33.727288550400125
339,86.12,66.245,174,2.805,2.876,185.81722500000004,190.52062,139.64680670062586,272.93088518440027
341,86.12,64.65,174,2.805,2.876,181.34325000000004,185.9334,53.92332056250059,142.40603556000013
343,86.12,68.785,174,2.805,2.876,192.941925,197.82565999999997,358.7965227056249,567.6620744355986
353,86.14,72.71,174,2.806,2.877,204.02426,209.18666999999996,901.4561885475999,1238.1017456888974
357,86.15,64.43,174,2.806,2.877,180.79058000000003,185.36511000000002,46.111976736400464,129.16572531210036
358,86.15,72.61,174,2.806,2.877,203.74366,208.89897,884.6853101956003,1217.9381070608995
361,86.15,62.485,174,2.806,2.877,175.33291,179.769345,1.7766490680999953,33.28534172902485
363,86.15,63.39,174,2.806,2.877,177.87234,182.37303,14.995017075600064,70.1076313809
364,86.15,72.37,174,2.806,2.877,203.07022,208.20848999999998,845.0776908484004,1170.2207880800988
366,86.15,64.41,174,2.806,2.877,180.73445999999998,185.30756999999997,45.35295149159979,127.86113930489932
367,86.15,64.52000000000001,174,2.806,2.877,181.04312000000004,185.62404,49.605539334400625,135.11830592160018
370,86.14,63.54,174,2.806,2.877,178.29324,182.80458,18.431909697599977,77.52062897639978
377,86.14,62.449999999999996,174,2.806,2.877,175.2347,179.66864999999999,1.5244840900000092,32.133592822499836
378,86.14,64.63,174,2.806,2.877,181.35178,185.94050999999996,54.04866916839987,142.57577906009905
382,86.13,72.75,174,2.805,2.877,204.06375,209.30174999999997,903.8290640624999,1246.2135530624978
383,86.13,62.629999999999995,174,2.805,2.877,175.67714999999998,180.18650999999997,2.8128321224999437,38.27290598009963
384,86.13,60.11,174,2.805,2.877,168.60855,172.93646999999999,29.06773310249991,1.1310960609000305
385,86.13,61.23,174,2.805,2.877,171.75015,176.15870999999999,5.061825022500042,4.660028864099935
388,86.12,68.42,174,2.805,2.876,191.9181,196.77591999999999,321.0583076100003,518.7425318463993
389,86.12,62.9,174,2.805,2.876,176.4345,180.9004,5.926790250000068,47.61552015999987
391,86.12,62.68,174,2.805,2.876,175.81740000000002,180.26767999999998,3.3029427600000747,39.283812582399804
392,86.12,68.96000000000001,174,2.805,2.876,193.43280000000004,198.32896000000002,377.6337158400017,591.8982946816011
394,86.09,61.485,174,2.804,2.875,172.40393999999998,176.769375,2.5474075236000724,7.669437890624981
395,86.09,69.0,174,2.804,2.875,193.476,198.375,379.314576,594.140625
398,86.09,72.88,174,2.804,2.875,204.35551999999998,209.52999999999997,921.457594470399,1262.380899999998
400,86.06,61.62,174,2.803,2.874,172.72086,177.09588,1.6361991396000317,9.584472974399963
401,86.06,69.6,174,2.803,2.874,195.0888,200.0304,444.73748543999966,677.5817241599992
402,86.06,73.845,174,2.803,2.874,206.98753499999998,212.23053000000002,1088.1774653762236,1461.5734240809013
404,86.06,60.315,174,2.803,2.874,169.06294499999998,173.34531,24.374512073025148,0.4286189960999843
406,86.03,68.13,174,2.802,2.873,190.90026,195.73749,285.6187880676001,472.51847150010036
407,86.03,71.535,174,2.802,2.873,200.44107,205.520055,699.1301827448998,993.5138672030258
409,86.03,63.49,174,2.802,2.873,177.89898,182.40677000000002,15.202045040399957,70.67378183290039
410,86.03,60.55,174,2.802,2.873,169.6611,173.96015,18.82605320999996,0.0015880225000001016
413,86.01,72.97,174,2.802,2.873,204.46194,209.64281000000003,927.9297885635999,1270.4099046961019
415,86.01,62.18,174,2.802,2.873,174.22836,178.64314000000002,0.05214828960000421,21.558749059600157
418,85.98,69.67,174,2.801,2.872,195.14567000000002,200.09224,447.13935974890103,680.8049882176002
419,85.98,71.74,174,2.801,2.872,200.94374,206.03727999999998,725.9651251875995,1026.3873097983987
421,85.98,62.68000000000001,174,2.801,2.872,175.56668000000002,180.01696,2.4544862224000608,36.20380764160014
422,85.98,62.61,174,2.801,2.872,175.37061,179.81591999999998,1.878571772099998,33.82492544639973
424,85.95,65.04,174,2.8,2.871,182.112,186.72984000000002,65.80454399999992,162.04882642560062
425,85.95,74.475,174,2.8,2.871,208.52999999999997,213.817725,1192.3208999999981,1585.4512241756247
426,85.95,63.48,174,2.8,2.871,177.74399999999997,182.25108,14.017535999999785,68.08032116640003
428,85.95,60.2,174,2.8,2.871,168.56,172.8342,29.593599999999974,1.359089639999977
431,85.93,60.82,174,2.799,2.87,170.23517999999999,174.5534,14.173869632400109,0.3062515600000117
433,85.93,66.76,174,2.799,2.87,186.86124,191.60120000000003,165.41149433760023,309.8022414400012
435,85.91,61.945,174,2.799,2.869,173.384055,177.72020500000002,0.37938824302501306,13.839925242025158
438,85.91,60.06,174,2.799,2.869,168.10794,172.31214000000003,34.71637104359984,2.848871379599906
442,85.88,66.35,174,2.798,2.868,185.64729999999997,190.29179999999997,135.65959728999937,265.4227472399989
445,85.88,62.06,174,2.798,2.868,173.64388,177.98808,0.126821454400003,15.904782086399972
447,85.87,64.625,174,2.797,2.868,180.756125,185.34449999999998,45.645225015624966,128.6976802499996
448,85.87,63.334999999999994,174,2.797,2.868,177.14799499999998,181.64477999999997,9.909872520024877,58.442661248399524
449,85.87,75.23,174,2.797,2.868,210.41831000000002,215.75964,1326.2933032561014,1743.8675329295993
451,85.87,66.58,174,2.797,2.868,186.22426000000002,190.95144,149.43253254760037,287.3513180735997
453,85.85,66.805,174,2.797,2.867,186.85358500000004,191.52993500000002,165.21464735222597,307.2986211042258
454,85.85,63.43000000000001,174,2.797,2.867,177.41371000000004,181.85381,11.653415964100255,61.682331516100156
455,85.85,60.11,174,2.797,2.867,168.12767,172.33537,34.48425962890006,2.770993036899961
458,85.85,64.805,174,2.797,2.867,181.25958500000002,185.79593500000001,52.701574372225224,139.14408252422533
459,85.83,61.34,174,2.796,2.867,171.50664,175.86178,6.216844089599978,3.466224768400038
460,85.83,60.89,174,2.796,2.867,170.24844,174.57163,14.07420243360009,0.32676085689999884
462,85.83,65.56,174,2.796,2.867,183.30576,187.96052,86.59716917759985,194.89611867040006
464,85.83,64.67,174,2.796,2.867,180.81732,185.40889,46.47585198239993,130.16277103210032
465,85.8,68.08500000000001,174,2.795,2.866,190.29757500000002,195.13161000000002,265.61095088062575,446.54494119210096
466,85.8,63.68,174,2.795,2.866,177.9856,182.50688,15.88500736000004,72.36700733439991
467,85.8,63.22,174,2.795,2.866,176.69989999999999,181.18852,7.289460009999921,51.67481979040016
469,85.8,68.72,174,2.795,2.866,192.0724,196.95152000000002,326.61164175999954,526.7722703104007
470,85.8,60.79,174,2.795,2.866,169.90805,174.22414,16.744054802499978,0.05023873960000249
471,85.78,63.75,174,2.795,2.865,178.18125,182.64375,17.48285156250005,74.7144140625002
473,85.78,63.81,174,2.795,2.865,178.34895,182.81565000000003,18.913366102500017,77.71568492250059
474,85.78,70.28999999999999,174,2.795,2.865,196.46054999999998,201.38084999999998,504.47630630249927,749.710946722499
475,85.78,62.83,174,2.795,2.865,175.60985,180.00795000000002,2.591617022499982,36.09546320250027
476,85.78,61.9,174,2.795,2.865,173.01049999999998,177.3435,0.9791102500000414,11.17899225000004
477,85.76,66.33500000000001,174,2.794,2.864,185.33999000000003,189.98344,128.59537320010065,255.47035423360006
478,85.76,60.85,174,2.794,2.864,170.0149,174.27439999999999,15.881022009999908,0.07529535999999219
481,85.76,64.44,174,2.794,2.864,180.04536,184.55615999999998,36.54637752959986,111.43251394559951
482,85.76,61.925,174,2.794,2.864,173.01845,177.3532,0.9634404024999972,11.243950239999911
484,85.74,68.94,174,2.793,2.864,192.54942,197.44415999999998,344.0809823363999,549.6286381055992
485,85.74,64.46,174,2.793,2.864,180.03678,184.61343999999997,36.442712768399915,112.64510863359934
487,85.74,63.464999999999996,174,2.793,2.864,177.257745,181.76376,10.612902485025,60.275969337599854
488,85.74,63.97,174,2.793,2.864,178.66821000000002,183.21007999999998,21.79218460410015,84.82557360639957
489,85.71,60.98,174,2.792,2.863,170.25616,174.58574,14.016337945600045,0.34309134759998483
491,85.71,67.98,174,2.792,2.863,189.80016,194.62674,249.64505602560016,425.4624030276005
492,85.71,69.0,174,2.792,2.863,192.648,197.547,347.74790399999983,554.4612089999998
494,85.71,68.0,174,2.792,2.863,189.856,194.684,251.41273599999982,427.8278559999999
495,85.68,64.0,174,2.791,2.862,178.624,183.168,21.381375999999957,84.05222400000012
502,85.65,62.99,174,2.79,2.861,175.74210000000002,180.21439,3.0349124100000764,38.618643072100106
504,85.65,61.98,174,2.79,2.861,172.92419999999998,177.32478,1.1573456400000326,11.054162048400027
505,85.65,67.98,174,2.79,2.861,189.66420000000002,194.49078000000003,245.3671616400007,419.8720650084012
506,85.63,65.96,174,2.79,2.86,184.02839999999998,188.64559999999997,100.56880655999953,214.49359935999922
507,85.63,65.96,174,2.79,2.86,184.02839999999998,188.64559999999997,100.56880655999953,214.49359935999922
509,85.63,60.94,174,2.79,2.86,170.02259999999998,174.2884,15.819710760000136,0.08317455999999757
513,85.59,65.91,174,2.789,2.859,183.82299,188.43669,96.49113254010008,208.41801815609998
514,85.59,63.425,174,2.789,2.859,176.892325,181.332075,8.365543905624998,53.759323805625044
520,85.56,64.87,174,2.788,2.858,180.85756,185.39846000000003,47.02612915360009,129.92489037160064
523,85.56,63.870000000000005,174,2.788,2.858,178.06956,182.54046000000002,16.561318593599964,72.93945701160041
524,85.56,65.375,174,2.788,2.858,182.26549999999997,186.84175000000002,68.31849024999958,164.9105430625005
525,85.53,62.885000000000005,174,2.787,2.857,175.26049500000002,179.66244500000002,1.5888476450250508,32.06328337802522
526,85.53,65.32499999999999,174,2.787,2.857,182.06077499999995,186.633525,64.9760936006242,159.6059539256248
528,85.53,65.815,174,2.787,2.857,183.426405,188.033455,88.85711122402478,196.9378592370251
531,85.5,62.78,174,2.786,2.856,174.90508,179.29968,0.8191698063999966,28.086608102399946
532,85.5,73.635,174,2.786,2.856,205.14711000000003,210.30156,970.1424613521017,1317.8032584335997
533,85.5,72.62,174,2.786,2.856,202.31932,207.40272000000002,801.9838852624002,1115.7417033984011
536,85.5,64.88,174,2.786,2.856,180.75567999999998,185.29727999999997,45.63921226239978,127.62853539839938
538,85.48,62.38,174,2.785,2.855,173.72830000000002,178.0949,0.0738208899999899,16.768206009999965
540,85.48,62.71,174,2.785,2.855,174.64735000000002,179.03705,0.4190620225000223,25.371872702499935
541,85.48,63.09,174,2.785,2.855,175.70565000000002,180.12195,2.9092419225000676,37.478271802499975
548,85.46,64.21,174,2.785,2.854,178.82485,183.25534,23.279177522499978,85.6613185155998
550,85.43,69.76,174,2.784,2.853,194.21184,199.02528000000004,408.5184761855998,626.2646390784018
552,85.43,66.51,174,2.784,2.853,185.16384,189.75303000000002,124.63132354559986,248.15795418090076
553,85.43,63.959999999999994,174,2.784,2.853,178.06463999999997,182.47788,16.521298329599745,71.87444929439998
555,85.42,61.29,174,2.783,2.853,170.57007,174.86037000000002,11.76441980490009,0.7402365369000299
558,85.42,74.98,174,2.783,2.853,208.66934,213.91794000000002,1201.9631360356004,1593.4419338436012
564,85.4,60.63,174,2.783,2.852,168.73329,172.91676,27.738234224099884,1.1734088975999768
570,85.39,65.395,174,2.782,2.852,181.92889,186.50653999999997,62.86729663209993,156.4135427715993
576,85.38,71.08,174,2.782,2.852,197.74456,202.72016,563.8041295936004,824.8475904255996
578,85.37,68.39,174,2.782,2.851,190.26098,194.97989,264.41947056039965,440.1557844121005
579,85.37,65.45,174,2.782,2.851,182.08190000000002,186.59795,65.3171076100003,158.70834420249994
583,85.37,65.265,174,2.782,2.851,181.56723,186.070515,57.26296987289992,145.697332365225
586,85.35,65.36,174,2.781,2.851,181.76616,186.34136,60.31324114560021,152.30916664960023
587,85.35,64.2,174,2.781,2.851,178.54020000000003,183.0342,20.613416040000246,81.61676963999997
589,85.35,61.53,174,2.781,2.851,171.11493000000002,175.42203,8.323628904899913,2.022169320900019
592,85.32,64.35,174,2.78,2.85,178.89299999999997,183.39749999999998,23.94144899999973,88.31300624999962
594,85.32,61.205,174,2.78,2.85,170.14989999999997,174.43425,14.8232700100002,0.1885730624999927
595,85.32,65.85,174,2.78,2.85,183.06299999999996,187.67249999999999,82.13796899999927,186.9372562499996
600,85.3,60.14,174,2.78,2.849,167.1892,171.33886,46.38699664000001,7.081666099599941
601,85.3,70.15,174,2.78,2.849,195.017,199.85735000000003,441.71428899999984,668.6025490225013
604,85.29,63.44,174,2.779,2.849,176.29976,180.74056000000002,5.288896057599963,45.43514911360022
606,85.29,61.16,174,2.779,2.849,169.96364,174.24484,16.292202049600014,0.059946625600005195
607,85.29,66.14,174,2.779,2.849,183.80306,188.43286,96.09998536359976,208.30744777960015
608,85.29,63.095,174,2.779,2.849,175.341005,179.757655,1.798294410024988,33.150591099025
610,85.28,67.925,174,2.779,2.848,188.76357499999997,193.45039999999997,217.96314678062424,378.318060159999
611,85.28,67.255,174,2.779,2.848,186.90164499999997,191.54223999999996,166.45244370602433,307.7301842175987
612,85.28,74.03,174,2.779,2.848,205.72937,210.83744,1006.7529205968992,1356.9969857535991
613,85.28,61.39,174,2.779,2.848,170.60281,174.83872,11.540899896099965,0.7034512383999917
615,85.27,62.13,174,2.779,2.848,172.65927,176.94624,1.7975569329000207,8.680330137599935
616,85.27,60.620000000000005,174,2.779,2.848,168.46298000000002,172.64576,30.658590480399823,1.8339659776000117
618,85.27,70.935,174,2.779,2.848,197.128365,202.02288,534.9212675732251,785.2818034943992
621,85.26,71.65,174,2.778,2.848,199.04370000000003,204.0592,627.1869096900015,903.5555046400002
622,85.26,61.05,174,2.778,2.848,169.5969,173.8704,19.387289609999954,0.016796160000002745
623,85.26,72.54,174,2.778,2.848,201.51612000000003,206.59392,757.1368598544016,1062.3636209663998
629,85.24,62.615,174,2.778,2.847,173.94447,178.264905,0.003083580900000502,18.18941465902499
633,85.23,77.015,174,2.778,2.847,213.94767000000002,219.261705,1595.8163384289014,2048.6219395070257
634,85.23,65.45,174,2.778,2.847,181.8201,186.33615,61.153964009999946,152.1805968225001
636,85.23,73.46,174,2.778,2.847,204.07188,209.14061999999998,904.3179667343995,1234.8631739843988
639,85.21,63.03,174,2.777,2.846,175.03431,179.38338000000002,1.0697971761000102,28.98078022440018
642,85.21,72.22,174,2.777,2.846,200.55494000000002,205.53812,705.1648384036008,994.6530131343995
644,85.21,70.19,174,2.777,2.846,194.91763,199.76074,437.5472448169001,663.6157253475999
648,85.21,69.48,174,2.777,2.846,192.94596,197.74008,358.94940032160054,563.5913984064003
649,85.21,72.54,174,2.777,2.846,201.44358000000003,206.44884000000002,753.1500832164014,1052.927217345601
651,85.21,72.91,174,2.777,2.846,202.47107,207.50186,810.6018269448998,1122.3746234595997
654,85.21,60.03,174,2.777,2.846,166.70331000000002,170.84538,53.24168495609977,9.951627344399963
655,85.21,62.81,174,2.777,2.846,174.42337,178.75726,0.17924215690000472,22.63152270760002
662,85.22,69.52,174,2.777,2.846,193.05704,197.85392,363.1707735616,569.0094993663994
663,85.22,67.6,174,2.777,2.846,187.7252,192.3896,188.38111504000003,338.1773881600001
664,85.22,62.385,174,2.777,2.846,173.243145,177.54771,0.5728294910250025,12.586246244099964
665,85.22,66.045,174,2.777,2.846,183.406965,187.96407000000002,88.49099051122526,194.99525096490058
671,85.24,66.985,174,2.778,2.847,186.08433,190.70629499999998,146.03103154889985,279.10029262702443
673,85.24,63.86,174,2.778,2.847,177.40308,181.80942,11.580953486399922,60.98704073639983
675,85.25,63.45,174,2.778,2.847,176.2641,180.64215000000002,5.1261488100000605,44.1181566225002
676,85.25,62.25,174,2.778,2.847,172.9305,177.22575,1.1438302500000106,10.405463062500033
677,85.25,62.765,174,2.778,2.847,174.36117000000002,178.691955,0.13044376890001122,22.01444172202507
678,85.25,65.24,174,2.778,2.847,181.23672,185.73827999999997,52.37011635839987,137.7872173583994
680,85.28,68.515,174,2.779,2.848,190.403185,195.13072,269.06447814422523,446.50732771839984
681,85.28,75.95,174,2.779,2.848,211.06505,216.3056,1373.817931502501,1789.76379136
682,85.28,69.71,174,2.779,2.848,193.72409,198.53407999999996,389.0397263280996,601.921081446398
688,85.32,64.45,174,2.78,2.85,179.171,183.6825,26.73924099999992,93.75080625000008
689,85.32,63.36,174,2.78,2.85,176.14079999999998,180.576,4.583024639999934,43.24377599999991
693,85.36,65.41,174,2.782,2.851,181.97062,186.48390999999998,63.53078318439995,155.8480088880995
696,85.36,68.84,174,2.782,2.851,191.51288000000002,196.26284,306.70096589440084,495.6340448656005
701,85.4,72.16,174,2.783,2.852,200.82127999999997,205.80031999999997,719.3810608383985,1011.2603521023982
702,85.4,76.06,174,2.783,2.852,211.67498,216.92311999999998,1419.4041180004003,1842.3942305343985
707,85.45,60.22,174,2.784,2.854,167.65248,171.86788,40.291010150400034,4.545935694399941
709,85.45,60.32,174,2.784,2.854,167.93088,172.15328,36.83421757439998,3.410374758400018
710,85.49,73.77,174,2.786,2.855,205.52321999999998,210.61335,993.7133991683988,1340.5373982224999
721,85.54,66.72,174,2.787,2.857,185.94863999999998,190.61904,142.7699978495996,276.1924905216004
738,85.65,65.24,174,2.79,2.861,182.0196,186.65164,64.31398415999995,160.06399468959964
739,85.65,63.47,174,2.79,2.861,177.0813,181.58767,9.494409689999992,57.572736028900046
744,85.68,65.005,174,2.791,2.862,181.42895499999997,186.04431,55.18937239202461,145.0654033760999
745,85.68,62.98,174,2.791,2.862,175.77718,180.24876,3.158368752399954,39.04700153760005
747,85.71,63.309999999999995,174,2.792,2.863,176.76151999999996,181.25653,7.625992710399789,52.65722764089997
749,85.71,65.03,174,2.792,2.863,181.56376,186.18089,57.210465337600034,148.37408119210014
750,85.71,66.95,174,2.792,2.863,186.9244,191.67785,167.0401153599998,312.5063806225002
753,85.74,64.335,174,2.793,2.864,179.68765499999998,184.25543999999996,32.349419399024754,105.17404959359928
756,85.74,73.04,174,2.793,2.864,204.00072000000003,209.18656000000001,900.0432005184018,1238.0940046336011
757,85.74,62.98,174,2.793,2.864,175.90314,180.37472,3.621941859600029,40.63705507839995
760,85.76,68.27,174,2.794,2.864,190.74638,195.52527999999998,280.4412431043996,463.33767907839916
764,85.76,60.28,174,2.794,2.864,168.42232,172.64192,31.11051418239985,1.8443812864000029
765,85.8,67.81,174,2.795,2.866,189.52895,194.34346000000002,241.1482881025003,413.8563647716009
766,85.8,60.35,174,2.795,2.866,168.67825,172.9631,28.321023062500092,1.0751616100000059
770,85.84,63.71,174,2.796,2.867,178.13316,182.65657,17.08301158560003,74.93620416489979
772,85.84,61.785,174,2.796,2.867,172.75086,177.13759499999998,1.560350739600028,9.84450238402485
773,85.84,70.88,174,2.796,2.867,198.18048,203.21295999999998,584.6956130303995,853.3970319615989
774,85.84,68.465,174,2.796,2.867,191.42813999999998,196.28915500000002,303.74006385959945,496.806430614026
780,85.86,74.54,174,2.797,2.868,208.48838000000003,213.78072,1189.4483550244024,1582.5056837184002
784,85.87,61.56,174,2.797,2.868,172.18332,176.55408,3.300326222399967,6.5233246463999945
785,85.87,72.39,174,2.797,2.868,202.47483000000003,207.61452,810.8159435289015,1129.9359548303999
789,85.88,68.895,174,2.798,2.868,192.76820999999998,197.59086,352.2457066040993,556.5286755395996
790,85.88,68.69,174,2.798,2.868,192.19462,197.00292,331.0441969443995,529.1343285263995
791,85.88,62.76,174,2.798,2.868,175.60247999999999,179.99568,2.567942150399954,35.94817866239992
793,85.88,69.675,174,2.798,2.868,194.95065,199.82789999999997,438.92973542249985,667.0804184099985
794,85.9,65.50999999999999,174,2.798,2.869,183.29698,187.94818999999998,86.43383712039983,194.55200427609952
796,85.9,68.16,174,2.798,2.869,190.71168,195.55104,279.28024842240006,464.4473250816
801,85.91,63.41,174,2.799,2.869,177.48459,181.92329,12.14236746809998,62.778524424100134
805,85.91,63.335,174,2.799,2.869,177.274665,181.70811500000002,10.723430862224992,59.41503685322532
807,85.9,64.755,174,2.798,2.869,181.18448999999998,185.782095,51.61689656009975,138.81776258902497
810,85.9,60.8,174,2.798,2.869,170.1184,174.4352,15.066818559999936,0.18939904000000776
814,85.9,64.94,174,2.798,2.869,181.70212,186.31286,59.322652494400124,151.60652137960003
827,85.88,67.29,174,2.798,2.868,188.27742,192.98772,203.84472185640018,360.53351079839985
835,85.85,74.82,174,2.797,2.867,209.27154,214.50893999999997,1244.0815339715991,1640.9742199235973
836,85.84,60.715,174,2.796,2.867,169.75914,174.069905,17.98489353959998,0.004886709025000791
838,85.84,62.5,174,2.796,2.867,174.75,179.1875,0.5625,26.91015625
839,85.84,71.465,174,2.796,2.867,199.81614,204.89015500000002,666.4730844995995,954.2016759240263
844,85.82,60.505,174,2.796,2.866,169.17198,173.40733,23.30977712040009,0.35125772889999796
846,85.82,60.23,174,2.796,2.866,168.40308,172.61918,31.325513486400126,1.9066638723999998
848,85.78,60.42,174,2.795,2.865,168.8739,173.10330000000002,26.276901210000084,0.8040708899999667
849,85.78,64.89,174,2.795,2.865,181.36755,185.90985,54.28079300249991,141.84452702250013
857,85.75,62.72,174,2.794,2.864,175.23968,179.63008,1.5368065023999822,31.697800806399915
865,85.72,72.38,174,2.793,2.863,202.15734,207.22394,792.8357958756003,1103.8301891236
867,85.69,60.39,174,2.792,2.862,168.60888,172.83618,29.064174854400008,1.3544769923999698
869,85.69,64.87,174,2.792,2.862,181.11704,185.65794000000002,50.65225836160004,135.90756504360058
874,85.65,62.575,174,2.79,2.861,174.58425,179.02707500000002,0.34134806249999683,25.27148305562525
875,85.65,62.52,174,2.79,2.861,174.4308,178.86972000000003,0.18558864000000427,23.714172878400287
878,85.61,64.22,174,2.789,2.859,179.10958,183.60497999999998,26.107807776399937,92.25564080039968
879,85.61,61.135000000000005,174,2.789,2.859,170.50551500000003,174.784965,12.211425415224783,0.6161700512249995
882,85.61,73.46,174,2.789,2.859,204.87994,210.02213999999998,953.5706944036003,1297.5945701795986
883,85.61,64.58,174,2.789,2.859,180.11362,184.63422,37.37634950439997,113.08663500839998
884,85.58,60.97,174,2.788,2.858,169.98435999999998,174.25226,16.12536460960015,0.06363510760000343
885,85.58,66.83,174,2.788,2.858,186.32204,191.00014,151.83266976159967,289.0047600195996
886,85.58,61.16,174,2.788,2.858,170.51407999999998,174.79528,12.15163824640015,0.6324702783999858
887,85.58,63.74,174,2.788,2.858,177.70712,182.16892,13.742738694400025,66.73125396640023
891,85.54,60.0,174,2.787,2.857,167.22,171.42000000000002,45.96840000000002,6.656399999999918
892,85.54,70.20500000000001,174,2.787,2.857,195.66133500000004,200.57568500000005,469.2134339822266,706.2670332192276
893,85.54,66.62,174,2.787,2.857,185.66994,190.33334000000002,136.18749960359992,266.7779955556007
894,85.54,64.03999999999999,174,2.787,2.857,178.47947999999997,182.96228,20.065741070399703,80.32246279839987
899,85.51,65.645,174,2.786,2.856,182.88697,187.48211999999998,78.97823578089984,181.76755969439947
902,85.48,64.08500000000001,174,2.785,2.855,178.47672500000004,182.96267500000002,20.0410667256254,80.32954315562533
904,85.48,67.12,174,2.785,2.855,186.9292,191.6276,167.16421264000022,310.73228176000003
906,85.48,72.87,174,2.785,2.855,202.94295000000002,208.04385000000002,837.6943547025014,1158.9837228225015
907,85.48,69.65,174,2.785,2.855,193.97525000000002,198.85075,399.0106125625007,617.5597755625002
909,85.44,62.745000000000005,174,2.784,2.854,174.68208,179.07423000000003,0.4652331264000182,25.747810092900288
910,85.44,69.775,174,2.784,2.854,194.2536,199.13785000000001,410.2083129600002,631.9115026225007
912,85.44,65.58000000000001,174,2.784,2.854,182.57472,187.16532000000004,73.52582307840024,173.32565070240096
913,85.44,60.77,174,2.784,2.854,169.18368,173.43758000000003,23.196938342399907,0.31631625639997146
918,85.41,68.85,174,2.783,2.853,191.60954999999998,196.42905,310.09625120249945,503.06228390249953
928,85.34,74.28,174,2.781,2.85,206.57268000000002,211.698,1060.9794823824013,1421.1392040000005
929,85.34,62.925,174,2.781,2.85,174.994425,179.33625,0.9888810806250135,28.475564062500073
930,85.34,65.89999999999999,174,2.781,2.85,183.2679,187.81499999999997,85.89397040999995,190.85422499999916
934,85.31,72.56,174,2.78,2.849,201.7168,206.72344,768.2210022400003,1070.8235254336007
938,85.28,65.32,174,2.779,2.848,181.52427999999998,186.03135999999998,56.61478951839964,144.75362344959947
941,85.28,70.035,174,2.779,2.848,194.627265,199.45968,425.4840613802248,648.1953057023995
943,85.28,61.84,174,2.779,2.848,171.85336,176.12032,4.6080632895999605,4.495756902399968
945,85.26,69.375,174,2.778,2.848,192.72375,197.57999999999998,350.5788140624998,556.0163999999993
946,85.26,60.67,174,2.778,2.848,168.54126,172.78816,29.797842387600063,1.4685561855999882
948,85.26,64.735,174,2.778,2.848,179.83383,184.36527999999998,34.03357246890007,107.43902947839968
950,85.24,68.83,174,2.778,2.847,191.20974,195.95901,296.1751508676004,482.19812018010026
955,85.24,61.24,174,2.778,2.847,170.12472,174.35028,15.017795078400027,0.12269607839999855
959,85.23,73.32,174,2.778,2.847,203.68295999999998,208.74203999999997,881.0781143615989,1207.0093433615982
960,85.23,62.49,174,2.778,2.847,173.59722,177.90903,0.16223172840000566,15.28051554090001
962,85.21,60.61,174,2.777,2.846,168.31397,172.49606,32.330937160899865,2.2618355236000003
963,85.21,63.11,174,2.777,2.846,175.25647,179.61106,1.5787168609000184,31.4839943236001
964,85.21,64.14,174,2.777,2.846,178.11678,182.54244,16.947877568400045,72.97328115359998
965,85.21,67.65,174,2.777,2.846,187.86405000000002,192.53190000000004,192.21188240250055,343.4313176100013
971,85.21,65.83,174,2.777,2.846,182.80991,187.35218,77.61451420810003,178.2807107524001
973,85.21,64.865,174,2.777,2.846,180.130105,184.60578999999998,37.57818731102483,112.48278152409968
975,85.2,70.88,174,2.777,2.846,196.83375999999998,201.72448,521.3805957375993,768.6467912704
977,85.2,63.415,174,2.777,2.846,176.103455,180.47909,4.424522937024986,41.978607228100174
978,85.2,68.41,174,2.777,2.846,189.97457,194.69486,255.1868866849,428.27723041960024
981,85.19,63.95,174,2.776,2.845,177.52519999999998,181.93775000000002,12.427035039999886,63.00787506250036
982,85.19,60.96,174,2.776,2.845,169.22495999999998,173.43120000000002,22.801007001600176,0.32353343999997924
986,85.19,61.99,174,2.776,2.845,172.08424,176.36155000000002,3.6701363776000226,5.576918402500106
993,85.2,68.5,174,2.777,2.846,190.2245,194.951,263.2344002500002,438.94440099999974
998,85.21,60.0,174,2.777,2.846,166.62,170.76,54.464399999999934,10.497600000000059
1001,85.21,64.995,174,2.777,2.846,180.491115,184.97577,42.1345739432251,120.46752709290026
1011,85.23,70.0,174,2.778,2.847,194.46,199.29,418.61160000000035,639.5840999999996
1017,85.25,64.99,174,2.778,2.847,180.54222,185.02652999999998,42.80064252839982,121.58436384089956
1018,85.25,63.989999999999995,174,2.778,2.847,177.76422,182.17952999999997,14.169352208399959,66.90471102089953
1022,85.27,66.99,174,2.779,2.848,186.16520999999997,190.78751999999997,147.99233434409936,281.8208277503991
1023,85.27,63.989999999999995,174,2.779,2.848,177.82820999999998,182.24352,14.65519180409988,67.95562199039983
1026,85.27,69.99,174,2.779,2.848,194.50221,199.33151999999998,420.34061488409964,641.6859055103992
1030,85.3,60.99,174,2.78,2.849,169.5522,173.76051,19.782924840000007,0.057355460099994884
1032,85.3,65.99,174,2.78,2.849,183.45219999999998,188.00551,89.34408483999955,196.15431036009963
1035,85.31,65.99,174,2.78,2.849,183.45219999999998,188.00551,89.34408483999955,196.15431036009963
1036,85.31,71.99,174,2.78,2.849,200.13219999999998,205.09951,682.8918768399991,967.1795222401006
1039,85.31,64.99,174,2.78,2.849,180.67219999999998,185.15651,44.51825283999967,124.46771538009993
1040,85.33,60.99,174,2.781,2.85,169.61319,173.82150000000001,19.244101976099973,0.031862249999994804
1047,85.34,71.99,174,2.781,2.85,200.20418999999998,205.17149999999998,686.6595735560991,971.6624122499987
1050,85.34,70.99,174,2.781,2.85,197.42319,202.3215,548.6458297761003,802.1073622499993
1051,85.34,66.99,174,2.781,2.85,186.29918999999998,190.92149999999998,151.27007465609955,286.3371622499993
