Frame,Height,pxDist,cmDist,gsdE,gsdT,predE,predT,errE2,errT2
1,62.5,92.99,174,1.994,2.086,185.42206,193.97713999999996,130.46345464359973,399.0861225795985
4,62.51,79.98,174,1.995,2.086,159.5601,166.83828,208.51071200999985,51.29023335840004
5,62.51,96.99,174,1.995,2.086,193.49505,202.32113999999999,380.0569745024997,802.0869708995992
7,62.51,83.98,174,1.995,2.086,167.54010000000002,175.18228,41.730308009999696,1.39778599839998
8,62.51,95.99,174,1.995,2.086,191.50005,200.23513999999997,306.25175000249953,688.2825708195986
10,62.52,90.98,174,1.995,2.087,181.50510000000003,189.87526000000003,56.32652601000041,252.02388006760083
11,62.52,87.99,174,1.995,2.087,175.54005,183.63513,2.3717540025000243,92.83573011690007
12,62.52,86.97,174,1.995,2.087,173.50515000000001,181.50639,0.2448765224999855,56.34589083210015
13,62.52,82.98,174,1.995,2.087,165.54510000000002,173.17926000000003,71.48533400999968,0.6736141475999545
14,62.52,92.99,174,1.995,2.087,185.51505,194.07013,132.59637650250005,402.81011821690026
15,62.52,93.99,174,1.995,2.087,187.51005,196.15713,182.52145100250019,490.9384098368998
16,62.52,87.99,174,1.995,2.087,175.54005,183.63513,2.3717540025000243,92.83573011690007
17,62.52,83.99,174,1.995,2.087,167.56005,175.28713000000002,41.47295600250013,1.656703636900049
18,62.52,100.99,174,1.995,2.087,201.47505,210.76613,754.8783725025006,1351.7483151769004
20,62.52,90.99,174,1.995,2.087,181.52505,189.89613,56.6263775024999,252.68694897689997
21,62.52,84.98,174,1.995,2.087,169.53510000000003,177.35326000000003,19.935332009999748,11.24435262760023
23,62.52,88.99,174,1.995,2.087,177.53505,185.72213,12.496578502500087,137.40833173689984
24,62.52,94.99,174,1.995,2.087,189.50505,198.24413,240.40657550250035,587.7778394569007
25,62.52,86.99,174,1.995,2.087,173.54505,181.54813000000001,0.20697950249999694,56.97426649690022
26,62.52,85.99,174,1.995,2.087,171.55005,179.46113,6.002255002500005,29.823940876899968
27,62.52,92.98,174,1.995,2.087,185.4951,194.04926000000003,132.13732401000019,401.9728265476013
28,62.52,86.99,174,1.995,2.087,173.54505,181.54813000000001,0.20697950249999694,56.97426649690022
29,62.52,77.98,174,1.995,2.087,155.57010000000002,162.74426000000003,339.66121400999907,126.69168294759943
30,62.52,94.99,174,1.995,2.087,189.50505,198.24413,240.40657550250035,587.7778394569007
31,62.52,79.99,174,1.995,2.087,159.58005,166.93913,207.9349580025,49.855885156899916
33,62.52,77.0,174,1.995,2.087,153.615,160.699,415.5482249999996,176.91660099999967
34,62.53,88.99,174,1.995,2.087,177.53505,185.72213,12.496578502500087,137.40833173689984
37,62.53,99.99,174,1.995,2.087,199.48005,208.67913000000001,649.2329480025003,1202.6420575569011
38,62.53,83.99,174,1.995,2.087,167.56005,175.28713000000002,41.47295600250013,1.656703636900049
39,62.53,100.99,174,1.995,2.087,201.47505,210.76613,754.8783725025006,1351.7483151769004
40,62.53,85.98,174,1.995,2.087,171.5301,179.44026000000002,6.100406009999978,29.596428867600256
42,62.53,95.97,174,1.995,2.087,191.46015,200.28939000000003,304.85683802249997,691.1320265721014
43,62.53,100.95,174,1.995,2.087,201.39525,210.68265000000002,750.4997225625002,1345.6168110225017
44,62.53,98.95,174,1.995,2.087,197.40525000000002,206.50865000000002,547.8057275625011,1056.812324822501
46,62.53,100.9,174,1.995,2.087,201.29550000000003,210.57830000000004,745.0443202500018,1337.972030890003
48,62.53,86.75,174,1.995,2.087,173.06625,181.04725000000002,0.8718890625000064,49.66373256250028
49,62.53,82.73,174,1.995,2.087,165.04635000000002,172.65751000000003,80.16784832249968,1.8022794000999183
50,62.53,85.63,174,1.995,2.087,170.83185,178.70981,10.037174422499982,22.182310236100044
51,62.53,95.45,174,1.995,2.087,190.42275,199.20415000000003,269.7067175625003,635.2491772225013
52,62.54,95.39,174,1.996,2.087,190.39844,199.07893,268.9088344335998,628.9527299449007
53,62.54,93.34,174,1.996,2.087,186.30664000000002,194.80058000000002,151.4533880896004,432.66412833640106
54,62.54,100.16,174,1.996,2.087,199.91935999999998,209.03392000000002,671.8132228095991,1227.3755505664017
55,62.54,77.32,174,1.996,2.087,154.33071999999999,161.36684,386.88057571840056,159.59673158560008
56,62.54,92.04,174,1.996,2.087,183.71184000000002,192.08748000000003,94.31983618560045,327.156932750401
57,62.54,84.98,174,1.996,2.087,169.62008,177.35326000000003,19.183699206399986,11.24435262760023
58,62.55,84.99,174,1.996,2.088,169.64004,177.45911999999998,19.00925120160001,11.965511174399893
59,62.55,95.81,174,1.996,2.088,191.23676,200.05128000000002,297.1058952976001,678.669189638401
61,62.55,83.73,174,1.996,2.088,167.12508,174.82824000000002,47.26452500640004,0.6859814976000369
63,62.55,71.97,174,1.996,2.088,143.65212,150.27336,920.9938204944002,562.9534456896001
64,62.56,100.46,174,1.996,2.088,200.51816,209.76048,703.2128097855997,1278.8119298304
65,62.56,83.63,174,1.996,2.088,166.92548,174.61944,50.0488332304001,0.3837059135999967
66,62.56,70.81,174,1.996,2.088,141.33676,147.85128,1066.8872472976002,683.7555576383999
68,62.56,98.13,174,1.996,2.088,195.86748,204.89544,478.1866815504,954.5282127936005
69,62.56,82.3,174,1.996,2.088,164.27079999999998,171.8424,94.65733264000039,4.655237760000009
70,62.59,94.92,174,1.997,2.089,189.55524000000003,198.28788,241.96549145760082,589.9011148944
71,62.59,90.88,174,1.997,2.089,181.48736,189.84832,56.060559769599934,251.16924682240003
72,62.59,80.06,174,1.997,2.089,159.87982000000002,167.24534,199.37948323239934,45.625431715600016
73,62.59,88.64,174,1.997,2.089,177.01408,185.16896,9.084678246400042,124.74566748159997
74,62.59,82.82,174,1.997,2.089,165.39154,173.01098,74.10558357160014,0.9781605604000211
75,62.59,100.26,174,1.997,2.089,200.21922,209.44314,687.4474974084004,1256.2161730596
77,62.61,87.2,174,1.998,2.09,174.22560000000001,182.248,0.05089536000000642,68.02950399999985
78,62.61,93.74,174,1.998,2.09,187.29252,195.9166,176.6910879503999,480.3373555599995
79,62.61,96.46,174,1.998,2.09,192.72708,201.60139999999998,350.70352532640004,761.8372819599991
80,62.61,90.5,174,1.998,2.09,180.819,189.14499999999998,46.49876099999984,229.37102499999946
82,62.63,100.94,174,1.998,2.09,201.67812,210.9646,766.0783267344004,1366.3816531599994
83,62.63,80.52,174,1.998,2.09,160.87895999999998,168.28679999999997,172.1616906816006,32.64065424000033
84,62.63,90.1,174,1.998,2.09,180.01979999999998,188.30899999999997,36.2379920399997,204.7474809999991
85,62.63,100.21,174,1.998,2.09,200.21957999999998,209.43889999999996,687.4663753763989,1255.9156332099972
86,62.63,82.85,174,1.998,2.09,165.5343,173.15649999999997,71.66807648999998,0.7114922500000579
87,62.63,94.18,174,1.998,2.09,188.17164000000002,196.8362,200.8353802896007,521.4920304399996
88,62.65,77.76,174,1.999,2.091,155.44224000000003,162.59616000000003,344.390456217599,130.0475667455994
89,62.65,94.66,174,1.999,2.091,189.22534000000002,197.93406000000002,231.8109781156005,572.8392280836008
90,62.65,88.79,174,1.999,2.091,177.49121000000002,185.65989000000002,12.188547264100166,135.95303481210044
92,62.65,74.4,174,1.999,2.091,148.72560000000001,155.57040000000003,638.7952953599993,339.6501561599987
93,62.65,80.56,174,1.999,2.091,161.03944,168.45096,167.97611551359967,30.7918449215999
94,62.68,86.17,174,2.0,2.092,172.34,180.26764,2.7555999999999887,39.283311169600005
96,62.68,100.69,174,2.0,2.092,201.38,210.64348,749.6643999999998,1342.7446265104008
99,62.68,84.17,174,2.0,2.092,168.34,176.08364,32.03559999999996,4.341555649600011
100,62.7,85.85,174,2.001,2.093,171.78584999999998,179.68404999999998,4.902460222500079,32.30842440249983
101,62.7,91.11,174,2.001,2.093,182.31110999999999,190.69323,69.07454943209976,278.6639278329
102,62.7,99.45,174,2.001,2.093,198.99945,208.14885,624.9725003024998,1166.1439563225008
103,62.7,88.77,174,2.001,2.093,177.62876999999997,185.79560999999998,13.167971712899815,139.13641527209958
104,62.7,86.57,174,2.001,2.093,173.22656999999998,181.19100999999998,0.5981939649000293,51.710624820099675
105,62.7,98.32,174,2.001,2.093,196.73832,205.78375999999997,517.0311964223994,1010.2073997375983
106,62.73,89.84,174,2.001,2.094,179.76984,188.12496,33.29105362559986,199.51449500159964
107,62.73,88.64,174,2.001,2.094,177.36864,185.61216,11.347735449599995,134.84225986559974
108,62.73,91.88,174,2.001,2.094,183.85188,192.39672,97.05953953439989,338.43930675839954
109,62.73,87.95,174,2.001,2.094,175.98794999999998,184.16729999999998,3.9519452024999353,103.37398928999966
110,62.73,97.82,174,2.001,2.094,195.73781999999997,204.83507999999998,472.53281835239875,950.8021586063985
111,62.73,95.65,174,2.001,2.094,191.39565,200.2911,302.6086389224996,691.22193921
112,62.75,96.96,174,2.002,2.094,194.11391999999998,203.03423999999998,404.56977776639917,842.987092377599
115,62.75,95.13,174,2.002,2.094,190.45025999999996,199.20221999999998,270.6110540675986,635.1518929283991
116,62.75,99.33,174,2.002,2.094,198.85866,207.99702,617.9529769955993,1155.7973688803995
118,62.79,82.69,174,2.003,2.096,165.62807,173.31824,70.08921192489987,0.464796697599996
119,62.79,95.65,174,2.003,2.096,191.58695000000003,200.4824,309.3008103025011,701.3175097600007
120,62.79,86.78,174,2.003,2.096,173.82034000000002,181.89088,0.03227771559999431,62.26598717440016
121,62.79,100.04,174,2.003,2.096,200.38012000000003,209.68384000000003,695.9107312144017,1273.3364371456023
122,62.79,84.11,174,2.003,2.096,168.47233,176.29456000000002,30.555135628900008,5.265005593600084
123,62.79,92.47,174,2.003,2.096,185.21741,193.81712000000002,125.83028710810002,392.7182450944007
124,62.83,93.7,174,2.004,2.097,187.7748,196.4889,189.74511503999997,505.7506232100001
125,62.83,87.7,174,2.004,2.097,175.7508,183.9069,3.0653006399999936,98.14666761000015
126,62.83,74.44,174,2.004,2.097,149.17776,156.10067999999998,616.1435986175997,320.3856564624006
127,62.83,80.05,174,2.004,2.097,160.4202,167.86485,184.41096804000017,37.64006552250012
128,62.83,77.94,174,2.004,2.097,156.19176,163.44018,317.1334118976004,111.50979843240005
129,62.83,85.4,174,2.004,2.097,171.1416,179.0838,8.170450559999937,25.845022439999966
130,62.86,79.9,174,2.005,2.098,160.1995,167.6302,190.45380025,40.57435203999997
131,62.86,87.8,174,2.005,2.098,176.039,184.2044,4.1575209999999485,104.12977935999984
132,62.86,85.68,174,2.005,2.098,171.7884,179.75664,4.891174560000018,33.138904089600054
133,62.86,92.92,174,2.005,2.098,186.3046,194.94616,151.40318115999983,438.7416187455997
134,62.86,81.75,174,2.005,2.098,163.90875,171.51149999999998,101.83332656250005,6.192632250000081
135,62.86,97.15,174,2.005,2.098,194.78575,203.8207,432.0474030625003,889.2741484899993
136,62.89,91.66,174,2.006,2.099,183.86995999999996,192.39434,97.41611040159928,338.3517440356
137,62.89,83.9,174,2.006,2.099,168.30339999999998,176.10610000000003,32.4512515600002,4.435657210000111
138,62.89,90.05,174,2.006,2.099,180.64029999999997,189.01495,44.093584089999574,225.44872350249997
139,62.89,88.5,174,2.006,2.099,177.53099999999998,185.7615,12.46796099999984,138.3328822500003
140,62.89,93.88,174,2.006,2.099,188.32327999999998,197.05412,205.15634995839952,531.4924489744005
141,62.92,74.59,174,2.007,2.1,149.70213,156.639,590.3864865368995,301.40432099999964
142,62.92,94.21,174,2.007,2.1,189.07947,197.841,227.39041548089958,568.3932810000003
143,62.92,87.88,174,2.007,2.1,176.37516,184.548,5.641385025599972,111.26030400000003
144,62.92,95.63,174,2.007,2.1,191.92941,200.823,321.46374294809965,719.4733290000004
145,62.92,88.33,174,2.007,2.1,177.27831,185.493,10.74731645610003,132.08904899999987
146,62.92,85.39,174,2.007,2.1,171.37773,179.31900000000002,6.876299952899927,28.29176100000018
147,62.92,92.97,174,2.007,2.1,186.59079,195.237,158.52799282409995,451.0101689999998
148,62.95,88.19,174,2.008,2.101,177.08552,185.28718999999998,9.520433670400015,127.40065809609958
149,62.95,91.47,174,2.008,2.101,183.67176,192.17847,93.54294149760013,330.45677154090015
151,62.95,91.43,174,2.008,2.101,183.59144,192.09443000000002,91.99572127360011,327.40839702490064
152,62.95,89.13,174,2.008,2.101,178.97304,187.26212999999998,24.731126841599973,175.8840921368996
154,62.96,74.14,174,2.008,2.101,148.87312,155.76814,631.3600985344,332.4007190596004
155,62.96,90.15,174,2.008,2.101,181.02120000000002,189.40515000000002,49.29724944000031,237.31864652250061
156,62.96,85.38,174,2.008,2.101,171.44304,179.38338,6.538044441600019,28.980780224399872
157,62.96,97.77,174,2.008,2.101,196.32216,205.41476999999998,498.27882706559984,986.8877741528985
158,62.96,85.98,174,2.008,2.101,172.64784,180.64398,1.828336665599994,44.14247024039999
159,62.96,76.48,174,2.008,2.101,153.57184,160.68448,417.30972098559965,177.3030728703998
160,62.98,92.26,174,2.009,2.102,185.35034,193.93052,128.83021811559973,397.22562747040007
161,62.98,90.58,174,2.009,2.102,181.97521999999998,190.39916,63.604134048399665,268.9324487055998
162,62.98,92.53,174,2.009,2.102,185.89276999999998,194.49805999999998,141.43797827289964,420.17046376359923
163,62.98,97.93,174,2.009,2.102,196.74137000000002,205.84886,517.1699094769008,1014.3498832996002
164,62.98,91.38,174,2.009,2.102,183.58241999999998,192.08075999999997,91.82277305639971,326.9138821775989
166,63.0,84.46,174,2.01,2.103,169.76459999999997,177.61938,17.938613160000227,13.099911584400049
167,63.0,77.55,174,2.01,2.103,155.8755,163.08765,328.4975002500004,119.07938252250008
169,63.0,87.18,174,2.01,2.103,175.2318,183.33954000000003,1.5173312399999819,87.22700741160052
170,63.0,84.63,174,2.01,2.103,170.10629999999998,177.97689,15.160899690000186,15.81565407209998
171,63.0,87.82,174,2.01,2.103,176.51819999999998,184.68546,6.341331239999894,114.17905541160013
172,63.02,86.57,174,2.01,2.103,174.00569999999996,182.05671,3.2489999999565054e-05,64.91057602410015
174,63.02,93.8,174,2.01,2.103,188.53799999999998,197.2614,211.35344399999948,541.0927299600004
175,63.02,91.0,174,2.01,2.103,182.90999999999997,191.37300000000002,79.38809999999943,301.82112900000067
178,63.03,89.21,174,2.011,2.104,179.40131,187.69783999999999,29.174149716099947,187.6308206655996
179,63.03,92.46,174,2.011,2.104,185.93706,194.53584,142.49340144360005,421.7207245056003
181,63.03,89.92,174,2.011,2.104,180.82912000000002,189.19168000000002,46.63687997440024,230.78714122240058
182,63.03,77.45,174,2.011,2.104,155.75195000000002,162.9548,332.9913288024992,121.99644303999987
183,63.03,81.86,174,2.011,2.104,164.62046,172.23344,87.97577061159984,3.120734233599994
184,63.06,88.04,174,2.011,2.105,177.04844000000003,185.32420000000002,9.29298643360017,128.23750564000042
185,63.06,82.35,174,2.011,2.105,165.60585,173.34675,70.46175422249993,0.42673556250001843
186,63.06,87.37,174,2.011,2.105,175.70107000000002,183.91385,2.893639144900053,98.28442182249994
189,63.06,95.76,174,2.011,2.105,192.57336,201.5748,344.9697016896003,760.3695950400006
190,63.08,92.22,174,2.012,2.105,185.54664,194.1231,133.3248952895999,404.9391536099997
191,63.08,88.4,174,2.012,2.105,177.8608,186.08200000000002,14.905776640000092,145.97472400000052
192,63.08,91.05,174,2.012,2.105,183.1926,191.66025,84.50389475999998,311.8844300624997
194,63.08,86.06,174,2.012,2.105,173.15272000000002,181.15630000000002,0.7178833983999722,51.21262969000023
195,63.08,88.96,174,2.012,2.105,178.98752,187.2608,24.875355750399894,175.8488166399997
196,63.09,92.93,174,2.012,2.106,186.97516000000002,195.71058,168.35477702560044,471.3492839363997
199,63.09,90.1,174,2.012,2.106,181.28119999999998,189.75059999999996,53.015873439999766,248.08140035999884
200,63.09,88.81,174,2.012,2.106,178.68572,187.03386,21.95597191840003,169.8815064996001
202,63.11,87.38,174,2.013,2.106,175.89594,184.02227999999997,3.594588483599985,100.44609639839933
204,63.11,85.67,174,2.013,2.106,172.45371,180.42102,2.391012764099997,41.22949784039998
208,63.13,91.38,174,2.014,2.107,184.03931999999998,192.53766000000002,100.7879460623995,343.6448382756006
209,63.13,85.45,174,2.014,2.107,172.09629999999999,180.04315000000003,3.6240736900000563,36.51966192250031
212,63.13,80.69,174,2.014,2.107,162.50965999999997,170.01383,132.02791331560073,15.889551268899897
215,63.16,78.1,174,2.014,2.108,157.29339999999996,164.63479999999998,279.1104835600012,87.7069710400003
216,63.16,82.33,174,2.014,2.108,165.81261999999998,173.55164,67.0331912644003,0.20102668960000725
218,63.16,74.97,174,2.014,2.108,150.98958,158.03676000000002,529.4794285764004,254.8250312975995
221,63.19,84.19,174,2.015,2.109,169.64285,177.55670999999998,18.984756122499913,12.650186024099867
222,63.19,84.27,174,2.015,2.109,169.80405,177.72543,17.60599640250009,13.878828684899915
224,63.19,83.12,174,2.015,2.109,167.48680000000002,175.30008,42.421774239999785,1.6902080064000218
226,63.23,85.7,174,2.017,2.11,172.8569,180.827,1.3066776100000093,46.60792899999998
227,63.23,87.76,174,2.017,2.11,177.01192,185.1736,9.071662086400021,124.84933695999985
233,63.26,78.31,174,2.017,2.111,157.95127,165.31241000000003,257.5617346129002,75.47422000809951
238,63.29,77.73,174,2.018,2.112,156.85914,164.16576,293.80908153960013,96.71227637759988
239,63.29,87.96,174,2.018,2.112,177.50327999999996,185.77152,12.272970758399728,138.56868311040023
285,63.55,83.78,174,2.026,2.121,169.73827999999997,177.69738,18.162257358400215,13.67061886440007
286,63.59,81.54,174,2.027,2.122,165.28158000000002,173.02788,76.01084729639966,0.94501729439998
287,63.59,82.3,174,2.027,2.122,166.8221,174.64059999999998,51.52224840999991,0.4103683599999716
299,63.68,85.12,174,2.03,2.125,172.7936,180.88,1.455400960000005,47.33439999999994
303,63.68,88.14,174,2.03,2.125,178.92419999999998,187.2975,24.24774563999985,176.82350625000035
306,63.71,76.69,174,2.031,2.126,155.75739000000002,163.04294,332.79281961209944,120.05716384360028
308,63.71,85.98,174,2.031,2.126,174.62538,182.79348,0.3911001444000087,77.3252905103998
312,63.74,81.46,174,2.032,2.127,165.52671999999998,173.26541999999998,71.79647395840028,0.539607776400033
314,63.74,78.17,174,2.032,2.127,158.84144,166.26758999999998,229.7819412735998,59.790164408100246
315,63.76,86.25,174,2.033,2.128,175.34625,183.54000000000002,1.8123890624999939,91.01160000000039
317,63.76,88.43,174,2.033,2.128,179.77819,188.17904000000001,33.38747967609994,201.04517532160042
318,63.76,79.31,174,2.033,2.128,161.23723,168.77168,162.88829807289972,27.335330022399965
321,63.79,85.46,174,2.033,2.129,173.74017999999998,181.94433999999998,0.06750643240000989,63.11253803559973
322,63.79,84.98,174,2.033,2.129,172.76434,180.92242000000002,1.5268556355999896,47.91989865640023
323,63.79,85.38,174,2.033,2.129,173.57753999999997,181.77401999999998,0.1784724516000248,60.43538696039967
325,63.79,83.63,174,2.033,2.129,170.01978999999997,178.04827,15.842071644100223,16.38848999290002
326,63.79,81.41,174,2.033,2.129,165.50653,173.32189,72.13903264090004,0.4598331721000051
328,63.82,81.92,174,2.034,2.13,166.62527999999998,174.4896,54.386495078400365,0.2397081599999959
331,63.82,84.05,174,2.034,2.13,170.9577,179.0265,9.25558929000007,25.265702249999986
333,63.83,90.94,174,2.035,2.13,185.0629,193.70219999999998,122.38775641000029,388.1766848399991
340,63.85,81.22,174,2.035,2.131,165.2827,173.07981999999998,75.99131928999991,0.8467312324000298
346,63.86,77.08,174,2.036,2.131,156.93488,164.25748,291.2183206144002,94.91669595040025
348,63.86,81.86,174,2.036,2.131,166.66696,174.44366,53.773475641600164,0.19683419559999482
349,63.86,85.35,174,2.036,2.131,173.77259999999998,181.88084999999998,0.051710760000007794,62.1077967224997
350,63.86,84.19,174,2.036,2.131,171.41084,179.40888999999999,6.703749505599961,29.256091032099842
351,63.86,81.63,174,2.036,2.131,166.19868,173.95352999999997,60.86059374240006,0.0021594609000025805
354,63.88,91.75,174,2.036,2.132,186.803,195.61100000000002,163.91680899999994,467.0353210000008
355,63.88,86.59,174,2.036,2.132,176.29724000000002,184.60988,5.277311617600075,112.56955361440008
356,63.88,90.08,174,2.036,2.132,183.40288,192.05056000000002,88.4141522944002,325.82271631360067
358,63.89,89.89,174,2.037,2.132,183.10593,191.64548000000002,82.9179611649,311.3629644304007
359,63.89,71.14,174,2.037,2.132,144.91218,151.67048,846.1012723523996,498.6074634304001
360,63.89,88.32,174,2.037,2.132,179.90784,188.29824,34.90257346559992,204.4396670975998
368,63.9,83.92,174,2.037,2.133,170.94504,179.00136,9.332780601599964,25.013601849600054
371,63.92,87.55,174,2.037,2.133,178.33935,186.74415,18.829958422499967,162.41335922249976
374,63.92,89.79,174,2.037,2.133,182.90223,191.52207,79.24969897290005,307.0229370849005
376,63.9,97.69,174,2.037,2.133,198.99453,208.37277,624.7265299208999,1181.4873174729003
379,63.9,91.36,174,2.037,2.133,186.10031999999998,194.87088,146.41774410239958,435.5936319744
380,63.9,95.59,174,2.037,2.133,194.71683,203.89347,429.1870452488995,893.6195486409005
381,63.9,82.97,174,2.037,2.133,169.00988999999998,176.97501,24.901197812100154,8.850684500099986
382,63.9,83.84,174,2.037,2.133,170.78208,178.83072,10.35500912639995,23.335855718400133
383,63.9,90.57,174,2.037,2.133,184.49108999999999,193.18580999999998,110.0629693880997,368.09530535609906
386,63.9,96.5,174,2.037,2.133,196.57049999999998,205.8345,509.42747024999915,1013.4353902499995
387,63.9,92.75,174,2.037,2.133,188.93175,197.83575,222.95715806249981,568.1429780624995
391,63.9,88.35,174,2.037,2.133,179.96894999999998,188.45055,35.62836410249974,208.8183953024998
392,63.9,86.91,174,2.037,2.133,177.03566999999998,185.37903,9.21529234889989,129.4823237409
393,63.89,71.49,174,2.037,2.132,145.62512999999998,152.41667999999999,805.1332475169008,465.83970222240066
394,63.89,86.97,174,2.037,2.132,177.15788999999998,185.42004,9.972269252099878,130.4173136016
395,63.89,91.41,174,2.037,2.132,186.20217,194.88612,148.89295270889988,436.23000865440025
396,63.89,91.36,174,2.037,2.132,186.10031999999998,194.77952000000002,146.41774410239958,431.7884514304008
397,63.89,94.51,174,2.037,2.132,192.51687,201.49532000000002,342.8744745969004,755.9926219024012
398,63.89,77.06,174,2.037,2.132,156.97122,164.29192,289.9793482884004,94.24681728639992
400,63.87,95.7,174,2.036,2.132,194.8452,204.03240000000002,434.52236304000024,901.9450497600014
401,63.87,85.21,174,2.036,2.132,173.48756,181.66772,0.26259475359999795,58.793929998400046
402,63.87,99.04,174,2.036,2.132,201.64544,211.15328000000002,764.2703527936004,1380.3662147584018
403,63.87,96.66,174,2.036,2.132,196.79976,206.07912000000002,519.8290560575996,1029.0699399744012
404,63.87,89.15,174,2.036,2.132,181.50940000000003,190.06780000000003,56.39108836000042,258.17419684000106
405,63.85,98.8,174,2.035,2.131,201.05800000000002,210.54279999999997,732.1353640000011,1335.376231839998
408,63.85,95.21,174,2.035,2.131,193.75235,202.89250999999996,390.15533052250026,834.7771341000977
409,63.85,86.59,174,2.035,2.131,176.21065000000002,184.52328999999997,4.886973422500068,110.73963242409947
410,63.85,88.34,174,2.035,2.131,179.77190000000002,188.25253999999998,33.31482961000019,203.13489645159947
411,63.83,95.28,174,2.035,2.13,193.8948,202.94639999999998,395.80306704000014,837.894072959999
413,63.83,98.65,174,2.035,2.13,200.75275000000002,210.1245,715.709632562501,1304.979500250001
415,63.83,91.37,174,2.035,2.13,185.93795000000003,194.6181,142.5146502025007,425.1060476099999
416,63.83,98.89,174,2.035,2.13,201.24115,210.63569999999999,742.0802533225002,1342.174514489999
417,63.81,96.18,174,2.034,2.13,195.63012,204.8634,467.8620912144002,952.5494595600007
418,63.81,98.57,174,2.034,2.13,200.49137999999996,209.95409999999998,701.7932143043981,1292.6973068099987
419,63.81,94.95,174,2.034,2.13,193.1283,202.24349999999998,365.89186088999986,797.695292249999
420,63.81,81.73,174,2.034,2.13,166.23882,174.0849,60.235914992399934,0.0072080100000007875
421,63.81,84.89,174,2.034,2.13,172.66626,180.8157,1.7788623876000158,46.4537664899999
422,63.81,91.98,174,2.034,2.13,187.08731999999998,195.9174,171.2779447823994,480.3724227599994
423,63.79,89.38,174,2.033,2.129,181.70953999999998,190.29002,59.437007011599626,265.3647516003999
424,63.79,94.3,174,2.033,2.129,191.71189999999999,200.7647,313.7114016099995,716.3491660900003
425,63.79,78.21,174,2.033,2.129,159.00092999999998,166.50909,224.9721008649005,56.11373262810021
426,63.79,94.87,174,2.033,2.129,192.87071,201.97823,356.1036959041001,782.7813539328998
427,63.79,81.38,174,2.033,2.129,165.44554,173.25802,73.1787858916001,0.5505343204000183
428,63.79,91.27,174,2.033,2.129,185.55191,194.31383,133.44662464809983,412.6516892688998
429,63.78,99.31,174,2.033,2.129,201.89723,211.43099,778.2554416729005,1401.0790123801007
430,63.78,98.47,174,2.033,2.129,200.18950999999998,209.64263,685.8904340400992,1270.3970733168999
431,63.78,93.8,174,2.033,2.129,190.69539999999998,199.7002,278.73638115999927,660.5002800399998
432,63.78,94.86,174,2.033,2.129,192.85038,201.95694,355.33682614440005,781.5904941636002
433,63.78,76.58,174,2.033,2.129,155.68714,163.03882,335.3608413796,120.14746699240028
434,63.78,94.4,174,2.033,2.129,191.9152,200.97760000000002,320.95439103999996,727.7909017600012
435,63.76,74.74,174,2.033,2.128,151.94642,159.04672,486.36039081640047,223.6005827584002
436,63.76,96.54,174,2.033,2.128,196.26582,205.43712000000002,495.7667402723996,988.2925138944014
437,63.76,78.01,174,2.033,2.128,158.59433,166.00528000000003,237.3346681488996,63.91554787839956
438,63.76,72.05,174,2.033,2.128,146.47764999999998,153.32240000000002,757.4797495225009,427.5631417599993
439,63.76,94.94,174,2.033,2.128,193.01301999999998,202.03232,361.49492952039935,785.8109645824
440,63.76,87.15,174,2.033,2.128,177.17595,185.45520000000002,10.086658402500001,131.22160704000044
441,63.75,98.18,174,2.032,2.128,199.50176000000002,208.92704000000003,650.3397630976009,1219.8981231616024
442,63.75,95.3,174,2.032,2.128,193.6496,202.79840000000002,386.1067801599997,829.3478425600009
443,63.75,91.43,174,2.032,2.128,185.78576,194.56304000000003,138.90413877760025,422.8386140416012
444,63.75,82.59,174,2.032,2.128,167.82288,175.75152000000003,38.156811494400024,3.0678223104000972
445,63.75,96.57,174,2.032,2.128,196.23023999999998,205.50096,494.18357045759916,992.3104809215995
446,63.75,80.74,174,2.032,2.128,164.06368,171.81472,98.7304551423999,4.775448678400026
447,63.73,96.68,174,2.032,2.127,196.45376000000002,205.63836,504.17133813760074,1000.9858234896004
448,63.73,89.73,174,2.032,2.127,182.33136000000002,190.85571,69.4115594496003,284.11495960409957
450,63.73,97.7,174,2.032,2.127,198.5264,207.8079,601.5442969599998,1142.9741024099992
451,63.73,95.73,174,2.032,2.127,194.52336,203.61771,421.20830568959985,877.2087456440993
452,63.73,75.81,174,2.032,2.127,154.04592,161.24786999999998,398.1653086464002,162.61681953690058
453,63.71,80.77,174,2.031,2.126,164.04387,171.71702,99.12452457690003,5.211997680400041
455,63.71,76.83,174,2.031,2.126,156.04173,163.34058,322.49946139289995,113.62323473640025
456,63.71,98.73,174,2.031,2.126,200.52063,209.89998,703.3438155969006,1288.8085640003999
457,63.71,97.72,174,2.031,2.126,198.46932,207.75271999999998,598.7476212624005,1139.2461073983989
458,63.71,82.79,174,2.031,2.126,168.14649000000003,176.01154,34.263579320099666,4.046293171599986
459,63.69,82.77,174,2.03,2.126,168.02309999999997,175.96901999999997,35.723333610000346,3.8770397603998896
460,63.69,93.71,174,2.03,2.126,190.23129999999998,199.22745999999998,263.4550996899992,636.424738051599
461,63.69,91.74,174,2.03,2.126,186.23219999999998,195.03923999999998,149.62671683999946,442.64961977759907
462,63.69,81.81,174,2.03,2.126,166.0743,173.92806,62.8167204900001,0.0051753636000017415
463,63.69,99.7,174,2.03,2.126,202.391,211.9622,806.0488809999995,1441.1286288399997
465,63.68,89.74,174,2.03,2.125,182.17219999999998,190.6975,66.7848528399996,278.8065062499997
466,63.68,69.83,174,2.03,2.125,141.7549,148.38875,1039.7464740100006,655.9361265625006
467,63.68,79.81,174,2.03,2.125,162.0143,169.59625,143.6570044900002,19.39301406250002
468,63.68,95.75,174,2.03,2.125,194.37249999999997,203.46875,415.0387562499989,868.4072265625
469,63.68,94.75,174,2.03,2.125,192.34249999999997,201.34375,336.447306249999,747.6806640625
470,63.68,80.83,174,2.03,2.125,164.08489999999998,171.76375,98.30920801000048,5.000814062500056
471,63.66,92.76,174,2.03,2.125,188.3028,197.115,204.57008783999973,534.3032250000005
473,63.66,87.84,174,2.03,2.125,178.31519999999998,186.66,18.62095103999979,160.2755999999999
474,63.66,82.92,174,2.03,2.125,168.3276,176.205,32.176121760000115,4.862025000000055
475,63.66,87.89,174,2.03,2.125,178.4167,186.76625,19.507238889999925,162.97713906250036
476,63.66,83.93,174,2.03,2.125,170.3779,178.35125000000002,13.11960840999992,18.93337656250019
477,63.64,84.95,174,2.029,2.124,172.36355,180.43380000000002,2.677968602499988,41.39378244000025
478,63.64,96.95,174,2.029,2.124,196.71155,205.92180000000002,515.8145034024994,1019.0013152400012
479,63.64,80.99,174,2.029,2.124,164.32870999999997,172.02276,93.53385026410054,3.9094780175999793
480,63.64,98.98,174,2.029,2.124,200.83042,210.23352000000003,719.8714373764002,1312.867971590402
481,63.64,92.99,174,2.029,2.124,188.67670999999999,197.51076,215.40581642409958,552.7558357776002
482,63.64,87.99,174,2.029,2.124,178.53170999999998,186.89076,20.536395524099778,166.1716933776
483,63.62,77.0,174,2.028,2.123,156.156,163.471,318.4083359999998,110.85984099999992
484,63.62,82.0,174,2.028,2.123,166.296,174.086,59.35161600000012,0.00739600000000219
485,63.62,77.98,174,2.028,2.123,158.14344,165.55154000000002,251.43049503360007,71.37647637159971
486,63.62,96.97,174,2.028,2.123,196.65516,205.86731000000003,513.2562746255998,1015.5254466361021
488,63.62,95.92,174,2.028,2.123,194.52576000000002,203.63816000000003,421.3068235776008,878.4205281856016
489,63.6,81.91,174,2.028,2.123,166.11347999999998,173.89493000000002,62.197197710400296,0.011039704899996547
490,63.6,95.86,174,2.028,2.123,194.40408,203.51078,416.3264806463997,870.8861362084007
491,63.6,98.82,174,2.028,2.123,200.40696,209.79486,697.3275364415999,1281.2720024196
492,63.6,91.75,174,2.028,2.123,186.069,194.78525000000002,145.66076099999972,432.0266175625008
493,63.6,87.75,174,2.028,2.123,177.957,186.29325000000003,15.657848999999949,151.1239955625007
494,63.6,80.72,174,2.028,2.123,163.70016,171.36856,106.08670402559977,6.924476473599988
495,63.58,97.61,174,2.027,2.122,197.85547000000003,207.12841999999998,569.0834489209012,1097.4922116963985
496,63.58,96.63,174,2.027,2.122,195.86901,205.04886,478.25359838010013,964.0317072995994
497,63.58,76.73,174,2.027,2.122,155.53171000000003,162.82106,341.0777355240988,124.96869952360025
499,63.58,83.61,174,2.027,2.122,169.47747,177.42041999999998,20.453277600899902,11.699272976399854
500,63.58,99.58,174,2.027,2.122,201.84866000000002,211.30875999999998,775.5478637956013,1391.9435727375983
501,63.56,74.67,174,2.027,2.121,151.35609000000002,158.37507,512.7466600880989,244.1384375049002
502,63.56,81.66,174,2.027,2.121,165.52482,173.20086,71.82867603239991,0.6386247395999907
503,63.56,97.61,174,2.027,2.121,197.85547000000003,207.03081,569.0834489209012,1091.0344092561002
505,63.56,95.48,174,2.027,2.121,193.53796000000003,202.51308,381.73188096160106,812.9957310864002
506,63.56,91.4,174,2.027,2.121,185.26780000000002,193.85940000000002,126.9633168400005,394.3957683600009
507,63.55,87.29,174,2.026,2.121,176.84954,185.14209000000002,8.119878211599945,124.14616956810055
509,63.55,87.82,174,2.026,2.121,177.92331999999996,186.26621999999998,15.392439822399696,150.4601530883994
510,63.55,84.71,174,2.026,2.121,171.62245999999996,179.66991,5.6526964516001845,32.147879408099854
511,63.55,88.37,174,2.026,2.121,179.03762,187.43277,25.377615264400042,180.43930987290014
512,63.55,96.03,174,2.026,2.121,194.55677999999997,203.67963,422.581203968399,880.8804369369002
513,63.53,87.01,174,2.026,2.12,176.28225999999998,184.46120000000002,5.208710707599907,109.43670544000041
514,63.53,82.74,174,2.026,2.12,167.63123999999996,175.40879999999999,40.56110393760048,1.9847174399999583
516,63.53,91.76,174,2.026,2.12,185.90576,194.5312,141.74712117759967,421.5301734400005
518,63.53,82.53,174,2.026,2.12,167.20577999999998,174.9636,46.161425408400326,0.9285249600000266
519,63.52,84.11,174,2.025,2.12,170.32274999999998,178.3132,13.52216756250011,18.603694239999957
520,63.52,93.22,174,2.025,2.12,188.7705,197.62640000000002,218.16767024999996,558.2067769600009
521,63.52,85.17,174,2.025,2.12,172.46925,180.56040000000002,2.343195562500036,43.03884816000021
522,63.52,99.75,174,2.025,2.12,201.99374999999998,211.47,783.6500390624988,1404.0009
523,63.52,97.41,174,2.025,2.12,197.25525,206.5092,540.8066525624995,1056.8480846399996
524,63.52,89.54,174,2.025,2.12,181.3185,189.8248,53.56044225,250.42429504000032
525,63.51,83.52,174,2.025,2.12,169.128,177.0624,23.736384000000136,9.37829375999998
526,63.51,91.15,174,2.025,2.12,184.57875,193.23800000000003,111.90995156250028,370.10064400000107
529,63.51,85.15,174,2.025,2.12,172.42875,180.51800000000003,2.468826562499975,42.48432400000038
530,63.51,90.63,174,2.025,2.12,183.52575,192.1356,90.73991306249977,328.8999873600004
531,63.49,96.25,174,2.024,2.119,194.81,203.95375,433.0561000000001,897.2271390625008
532,63.49,87.73,174,2.024,2.119,177.56552000000002,185.89987000000002,12.712932870400147,141.6069060169005
533,63.49,94.15,174,2.024,2.119,190.55960000000002,199.50385000000003,274.2203521600006,650.4463648225014
534,63.49,80.13,174,2.024,2.119,162.18312,169.79547,139.63865293439994,17.678072520900045
535,63.49,93.32,174,2.024,2.119,188.87967999999998,197.74508,221.40487690239937,563.8288242064001
538,63.48,98.04,174,2.024,2.119,198.43296,207.74676000000002,596.9695343616004,1138.8438104976015
540,63.48,98.7,174,2.024,2.119,199.7688,209.14530000000002,664.0310534399999,1235.1921120900015
541,63.48,96.19,174,2.024,2.119,194.68856,203.82661000000002,428.0165148735998,889.626664092101
542,63.48,88.27,174,2.024,2.119,178.65848,187.04413000000002,21.701435910399976,170.14932745690064
543,63.46,94.92,174,2.024,2.118,192.11808,201.04056,328.2648228863997,731.1918851135999
544,63.46,92.29,174,2.024,2.118,186.79496,195.47022,163.71100140160007,460.9703468484005
545,63.46,96.69,174,2.024,2.118,195.70056,204.78941999999998,470.9143043135998,947.9883839363987
547,63.46,94.52,174,2.024,2.118,191.30848,200.19335999999998,299.5834799104001,686.0921080895992
548,63.46,90.29,174,2.024,2.118,182.74696,191.23422,76.50930924160002,297.0183390083998
549,63.44,93.03,174,2.023,2.117,188.19969,196.94451,201.6311960961001,526.4505391401004
550,63.44,92.09,174,2.023,2.117,186.29807000000002,194.95453,151.2425257249006,439.09232752090026
551,63.44,95.36,174,2.023,2.117,192.91328000000001,201.87712,357.7121603584005,777.1338194943995
553,63.44,97.72,174,2.023,2.117,197.68756000000002,206.87324,561.1004987536008,1080.6499080976007
554,63.44,83.06,174,2.023,2.117,168.03038,175.83802,35.636362944399906,3.378317520400001
555,63.42,95.4,174,2.022,2.117,192.8988,201.9618,357.1646414399998,781.8622592400006
556,63.42,83.82,174,2.022,2.117,169.48403999999996,177.44693999999998,20.39389472160032,11.881395363599887
557,63.42,87.75,174,2.022,2.117,177.4305,185.76675,11.768330249999966,138.45640556250004
558,63.42,84.27,174,2.022,2.117,170.39394,178.39959,13.003668723600098,19.356392168099905
559,63.42,84.6,174,2.022,2.117,171.06119999999999,179.0982,8.636545440000086,25.991643239999913
560,63.42,99.33,174,2.022,2.117,200.84525999999997,210.28161,720.6679844675982,1316.3552241921
564,63.41,92.3,174,2.022,2.116,186.6306,195.3068,159.53205635999967,453.9797262400004
565,63.41,96.36,174,2.022,2.116,194.83991999999998,203.89776,434.3022656063991,893.8760530176003
566,63.41,88.97,174,2.022,2.116,179.89733999999999,188.26052,34.77861907559983,203.36243067040039
568,63.4,80.71,174,2.022,2.116,163.19561999999996,170.78235999999998,116.73462718440081,10.353207169600111
571,63.4,86.41,174,2.022,2.116,174.72101999999998,182.84356,0.5198698403999734,78.20855347359993
572,63.4,73.65,174,2.022,2.116,148.9203,155.84340000000003,628.9913520900001,329.66212355999886
573,63.4,85.59,174,2.022,2.116,173.06297999999998,181.10844000000003,0.878006480400034,50.529919233600424
574,63.4,78.26,174,2.022,2.116,158.24172,165.59816,248.3233885584004,70.59091538559989
576,63.4,89.18,174,2.022,2.116,180.32196,188.70488000000003,39.967178241599875,216.23349581440092
577,63.4,80.4,174,2.022,2.116,162.56879999999998,170.12640000000002,130.67233344000041,15.00477695999986
578,63.4,89.9,174,2.022,2.116,181.77779999999998,190.22840000000002,60.49417283999976,263.3609665600007
579,63.4,93.81,174,2.022,2.116,189.68382,198.50196000000003,245.9822097923999,600.3460438416013
581,63.4,97.74,174,2.022,2.116,197.63027999999997,206.81784,558.3901328783986,1077.0106222655993
586,63.4,75.88,174,2.022,2.116,153.42935999999997,160.56208,423.1512300096011,180.57769392639977
587,63.4,91.31,174,2.022,2.116,184.62882,193.21196,112.9718145923998,369.09940704160016
589,63.4,91.09,174,2.022,2.116,184.18398,192.74644,103.71344864039982,351.42901267360025
590,63.4,85.29,174,2.022,2.116,172.45638,180.47364000000002,2.382762704400013,41.90801484960023
593,63.4,85.04,174,2.022,2.116,171.95087999999998,179.94464000000002,4.198892774400067,35.33874472960025
594,63.4,81.97,174,2.022,2.116,165.74334,173.44852,68.17243435560017,0.3041301903999978
598,63.41,86.01,174,2.022,2.116,173.91222,181.99716,0.007705328400001632,63.95456806560013
601,63.41,79.44,174,2.022,2.116,160.62767999999997,168.09504,178.8189421824008,34.868552601599866
605,63.43,91.65,174,2.023,2.117,185.40795000000003,194.02305,130.14132320250064,400.9225313025005
606,63.43,89.1,174,2.023,2.117,180.2493,188.6247,39.05375049000006,213.88185008999972
611,63.45,82.36,174,2.023,2.118,166.61428,174.43848,54.548859918399884,0.19226471039999862
613,63.45,78.63,174,2.023,2.118,159.06849,166.53833999999998,222.94999088010007,55.67636995560035
614,63.45,86.07,174,2.023,2.118,174.11961,182.29626,0.014306552099998671,68.82792998759983
615,63.47,83.9,174,2.024,2.118,169.8136,177.7002,17.525944959999933,13.691480039999965
624,63.49,84.21,174,2.024,2.119,170.44104,178.44099,12.666196281600094,19.722392180099995
654,63.57,77.27,174,2.027,2.122,156.62629,163.96694,301.8457991640996,100.66229296360012
660,63.58,77.25,174,2.027,2.122,156.58575000000002,163.9245,303.25610306249934,101.51570025000011
662,63.58,78.53,174,2.027,2.122,159.18031000000002,166.64066,219.62321169609942,54.15988523560004
666,63.6,85.65,174,2.028,2.123,173.6982,181.83495000000002,0.09108323999999146,61.38644150250032
668,63.6,76.87,174,2.028,2.123,155.89236000000002,163.19501000000002,327.88662636959907,116.74780890009947
674,63.61,84.62,174,2.028,2.123,171.60936,179.64826000000002,5.715159609599954,31.902841027600246
675,63.61,81.96,174,2.028,2.123,166.21488,174.00108,60.608093414400095,1.1664000000037718e-06
677,63.61,91.71,174,2.028,2.123,185.98788,194.70033,143.70926689439975,428.50366210890036
678,63.61,78.24,174,2.028,2.123,158.67072,166.10352,234.98682531840035,62.35439639039995
682,63.6,87.34,174,2.028,2.123,177.12552000000002,185.42282000000003,9.768875270400143,130.48081675240067
687,63.6,91.9,174,2.028,2.123,186.37320000000003,195.10370000000003,153.09607824000062,445.36615369000134
688,63.6,89.82,174,2.028,2.123,182.15496,190.68786,66.5033726015998,278.4846713796
691,63.6,77.89,174,2.028,2.123,157.96092000000002,165.36047000000002,257.25208724639947,74.64147862089965
693,63.59,83.88,174,2.027,2.122,170.02476000000001,177.99335999999997,15.802533057599883,15.946924089599738
695,63.59,83.8,174,2.027,2.122,169.86260000000001,177.82359999999997,17.11807875999988,14.619916959999776
700,63.6,94.93,174,2.028,2.123,192.51804,201.53639000000004,342.9178054416005,758.2527742321022
702,63.6,81.03,174,2.028,2.123,164.32884,172.02669000000003,93.53133574559973,3.8939523560998794
703,63.6,77.0,174,2.028,2.123,156.156,163.471,318.4083359999998,110.85984099999992
704,63.6,78.45,174,2.028,2.123,159.0966,166.54935000000003,222.11133156000014,55.51218542249952
706,63.59,76.97,174,2.027,2.122,156.01819,163.33033999999998,323.34549087609986,113.84164451560046
711,63.57,84.89,174,2.027,2.122,172.07203,180.13657999999998,3.7170683208999526,37.65761409639976
712,63.57,78.23,174,2.027,2.122,158.57221,166.00406,238.0167042840996,63.935056483599844
713,63.57,79.03,174,2.027,2.122,160.19381,167.70166,190.61088231609963,39.66908675559995
714,63.57,74.7,174,2.027,2.122,151.41690000000003,158.5134,509.9964056099988,239.8347795600003
715,63.57,96.76,174,2.027,2.122,196.13252000000003,205.32472,489.8484415504012,981.2380830784008
716,63.57,88.79,174,2.027,2.122,179.97733000000002,188.41238,35.72847392890028,207.71669726440038
717,63.56,73.1,174,2.027,2.121,148.1737,155.0451,666.9977716900001,359.28823401000034
718,63.56,81.74,174,2.027,2.121,165.68698,173.37053999999998,69.10630152039991,0.39621989160002896
719,63.56,93.13,174,2.027,2.121,188.77451,197.52873,218.28614574009978,553.6011354128998
720,63.56,81.29,174,2.027,2.121,164.77483000000004,172.41609000000003,85.10376152889931,2.5087708880999195
721,63.56,91.01,174,2.027,2.121,184.47727000000003,193.03221000000002,109.77318665290069,362.22501748410076
722,63.56,85.62,174,2.027,2.121,173.55174000000002,181.60002,0.20093702759997878,57.76030400040001
724,63.54,88.32,174,2.026,2.121,178.93631999999997,187.32672,24.36725514239967,177.60146595839984
725,63.54,86.49,174,2.026,2.121,175.22873999999996,183.44529,1.5098019875999,89.2135031841
726,63.54,89.6,174,2.026,2.121,181.52959999999996,190.0416,56.69487615999939,257.3329305599996
728,63.54,84.06,174,2.026,2.121,170.30555999999999,178.29126,13.648886913600107,18.414912387599948
729,63.51,84.48,174,2.025,2.12,171.072,179.09760000000003,8.573183999999983,25.98552576000029
730,63.51,75.69,174,2.025,2.12,153.27224999999999,160.46280000000002,429.6396200625006,183.25578383999957
731,63.51,83.91,174,2.025,2.12,169.91774999999998,177.8892,16.66476506250013,15.125876639999909
732,63.51,97.43,174,2.025,2.12,197.29575,206.55160000000004,542.6919680624999,1059.6066625600024
734,63.51,79.43,174,2.025,2.12,160.84575,168.3916,173.03429306249976,31.454150559999874
735,63.49,88.72,174,2.024,2.119,179.56928,187.99768000000003,31.01687971839991,195.93504538240086
737,63.49,78.01,174,2.024,2.119,157.89224000000002,165.30319000000003,259.4599322175995,75.6345041760995
738,63.49,88.12,174,2.024,2.119,178.35488,186.72628000000003,18.964979814400074,161.9582026384008
739,63.49,76.63,174,2.024,2.119,155.09912,162.37897,357.2432647744,135.04833826089978
740,63.49,80.21,174,2.024,2.119,162.34503999999998,169.96499,135.83809260160038,16.2813057001
741,63.45,84.25,174,2.023,2.118,170.43775000000002,178.4415,12.68962506249984,19.726922249999916
742,63.45,83.75,174,2.023,2.118,169.42625,177.3825,20.919189062499907,11.441306249999954
743,63.45,98.77,174,2.023,2.118,199.81171,209.19485999999998,666.2443731241002,1238.6781704195985
744,63.45,94.16,174,2.023,2.118,190.48568,199.43087999999997,271.7776450624001,646.7296575743986
746,63.45,82.26,174,2.023,2.118,166.41198000000003,174.22668,57.57804752039957,0.05138382239999436
748,63.42,80.76,174,2.022,2.117,163.29672,170.96892,114.56020275840014,9.187445966400018
750,63.42,90.39,174,2.022,2.117,182.76858,191.35563,76.88799521639974,301.2178926968997
751,63.42,82.92,174,2.022,2.117,167.66423999999998,175.54164,40.14185477760028,2.376653889600003
754,63.38,86.7,174,2.021,2.115,175.2207,183.37050000000002,1.4901084899999846,87.8062702500004
756,63.38,82.27,174,2.021,2.115,166.26766999999998,174.00105000000002,59.78892722890029,1.1025000000433556e-06
757,63.38,91.4,174,2.021,2.115,184.7194,193.31100000000004,114.90553636000016,372.91472100000135
758,63.38,89.06,174,2.021,2.115,179.99026,188.36190000000002,35.883214867600074,206.26417161000057
759,63.35,90.64,174,2.02,2.114,183.0928,191.61296,82.6790118400002,310.21635996159955
760,63.35,92.86,174,2.02,2.114,187.5772,196.30604,184.34035984000013,497.55942048159983
761,63.35,92.36,174,2.02,2.114,186.5672,195.24903999999998,157.93451584000036,451.5217009215991
762,63.35,95.35,174,2.02,2.114,192.607,201.5699,346.220449,760.0993860099994
763,63.35,92.84,174,2.02,2.114,187.5368,196.26376,183.24495424,495.6750093375996
765,63.31,87.14,174,2.019,2.113,175.93566,184.12682,3.7467796356000496,102.55248331240018
766,63.31,83.89,174,2.019,2.113,169.37391000000002,177.25957,21.400708688099783,10.624796584899977
767,63.31,98.82,174,2.019,2.113,199.51758,208.80666,651.1468890564005,1211.5035803555995
768,63.31,79.63,174,2.019,2.113,160.77297000000002,168.25818999999998,174.9543226208996,32.96838207610018
769,63.31,84.61,174,2.019,2.113,170.82759000000001,178.78092999999998,10.064185208099905,22.857291664899844
770,63.31,96.94,174,2.019,2.113,195.72186000000002,204.83422,471.8392018596009,950.7491230083992
772,63.28,96.63,174,2.018,2.112,194.99933999999996,204.08256,440.97228043559835,904.9604161536
774,63.28,93.35,174,2.018,2.112,188.38029999999998,197.1552,206.79302808999932,536.1632870400003
775,63.28,87.8,174,2.018,2.112,177.18039999999996,185.4336,10.114944159999766,130.7272089600003
776,63.28,85.59,174,2.018,2.112,172.72062,180.76608000000002,1.6368131844000084,45.77983856640022
777,63.24,93.26,174,2.017,2.111,188.10542,196.87186000000003,198.96287337640027,523.1219798596012
779,63.24,86.18,174,2.017,2.111,173.82506,181.92598000000004,0.030604003599997313,62.82115896040061
780,63.24,81.4,174,2.017,2.111,164.1838,171.83540000000002,96.35778244000018,4.685493159999908
781,63.24,95.23,174,2.017,2.111,192.07891,201.03053000000003,326.84698678810025,730.6495520809015
782,63.24,95.38,174,2.017,2.111,192.38145999999998,201.34718,337.8780717315991,747.8682539524004
783,63.2,100.46,174,2.016,2.109,202.52736,211.87014,813.8102685695993,1434.1475036195993
784,63.2,88.92,174,2.016,2.109,179.26272,187.53228000000001,27.696221798400018,183.1226019984004
785,63.2,94.0,174,2.016,2.109,189.504,198.246,240.3740159999997,587.8685160000005
786,63.2,85.31,174,2.016,2.109,171.98496,179.91879,4.0603862015999965,35.03207506410001
787,63.2,97.29,174,2.016,2.109,196.13664,205.18461000000002,490.0308304896,972.4799008521013
788,63.2,94.42,174,2.016,2.109,190.35072,199.13178,267.3460445183999,631.6063659683996
789,63.18,85.66,174,2.015,2.109,172.60490000000001,180.65694,1.9463040099999585,44.314850163599885
790,63.18,91.63,174,2.015,2.109,184.63445000000002,193.24767,113.09152680250033,370.4728004289
791,63.18,86.82,174,2.015,2.109,174.9423,183.10338,0.8879292899999789,82.87152742439977
792,63.18,97.75,174,2.015,2.109,196.96625,206.15475,527.4486390625001,1033.9279475625005
793,63.18,84.13,174,2.015,2.109,169.52195,177.43016999999998,20.052931802499966,11.766066228899833
794,63.18,80.23,174,2.015,2.109,161.66345,169.20507,152.1904659024997,22.99135370489994
795,63.15,82.29,174,2.014,2.108,165.73206,173.46732000000003,68.35883184360017,0.28374798239996885
796,63.15,92.3,174,2.014,2.108,185.89219999999997,194.5684,141.42442083999939,423.0590785599999
797,63.15,99.29,174,2.014,2.108,199.97006,209.30332,674.4440164035994,1246.324403022401
798,63.15,79.55,174,2.014,2.108,160.2137,167.69140000000002,190.0620676900003,39.7984339599998
799,63.15,83.65,174,2.014,2.108,168.4711,176.3342,30.56873520999992,5.448489640000046
800,63.15,78.73,174,2.014,2.108,158.56222,165.96284000000003,238.32505132840012,64.59594086559954
802,63.12,86.71,174,2.013,2.107,174.54722999999998,182.69797,0.29946067289998335,75.65468212089996
805,63.12,99.83,174,2.013,2.107,200.95779,210.34181,726.7224416840994,1320.7271540761008
806,63.12,93.86,174,2.013,2.107,188.94018,197.76302,223.20897843239993,564.6811195204006
807,63.1,80.94,174,2.013,2.106,162.93222,170.45963999999998,122.49575412839998,12.53414892960015
809,63.1,97.98,174,2.013,2.106,197.23374,206.34588,539.8066743876005,1046.2559529743996
812,63.1,97.0,174,2.013,2.106,195.261,204.28199999999998,452.03012099999984,916.9995239999989
813,63.08,91.99,174,2.012,2.105,185.08388,193.63895,122.85239585439986,385.68835710249977
814,63.08,85.97,174,2.012,2.105,172.97164,180.96685,1.057524289599984,48.53699892249991
815,63.08,92.96,174,2.012,2.105,187.03552,195.68079999999998,169.92478167039977,470.057088639999
816,63.08,97.94,174,2.012,2.105,197.05528,206.1637,531.5459358784004,1034.5035976900003
817,63.08,82.94,174,2.012,2.105,166.87528,174.5887,50.76163507839995,0.34656768999998666
818,63.08,81.93,174,2.012,2.105,164.84316,172.46265000000002,83.84771878559978,2.3634450224999237
819,63.06,98.91,174,2.011,2.105,198.90801000000002,208.20555,620.4089621601009,1170.0196508024992
820,63.06,96.93,174,2.011,2.105,194.92623000000003,204.03765,437.90710201290136,902.2604175225008
821,63.06,85.92,174,2.011,2.105,172.78512,180.8616,1.4759334143999847,47.081554560000136
822,63.06,98.89,174,2.011,2.105,198.86779,208.16345,618.4069794841007,1167.1413159025008
823,63.06,85.91,174,2.011,2.105,172.76501,180.84054999999998,1.5252003001000258,46.79312430249971
824,63.06,98.89,174,2.011,2.105,198.86779,208.16345,618.4069794841007,1167.1413159025008
825,63.05,96.89,174,2.011,2.104,194.84579000000002,203.85656,434.5469607241009,891.4141750336001
826,63.05,96.91,174,2.011,2.104,194.88601,203.89864,436.22541372009994,893.9286738496
828,63.05,82.88,174,2.011,2.104,166.67168,174.37951999999999,53.704274022399865,0.14403543039998876
830,63.05,99.88,174,2.011,2.104,200.85868,210.14752,721.3886913423996,1306.643202150399
831,63.04,78.89,174,2.011,2.104,158.64779000000001,165.98456000000002,235.69035188409956,64.24727839359974
832,63.04,99.88,174,2.011,2.104,200.85868,210.14752,721.3886913423996,1306.643202150399
833,63.04,85.87,174,2.011,2.104,172.68457,180.67048000000003,1.7303560848999793,44.49530343040035
834,63.04,84.87,174,2.011,2.104,170.67357,178.56648,11.065136544899918,20.852739590400116
836,63.04,94.86,174,2.011,2.104,190.76346,199.58544,281.0135911716003,654.6147399936003
838,63.04,98.9,174,2.011,2.104,198.88790000000003,208.08560000000003,619.4075664100016,1161.8281273600019
839,63.04,82.87,174,2.011,2.104,166.65157000000002,174.35848000000001,53.99942346489969,0.12850791040001028
840,63.04,81.89,174,2.011,2.104,164.68079,172.29656,86.84767502409997,2.901707833600002
841,63.04,94.89,174,2.011,2.104,190.82379,199.64856,283.0399099641001,657.8486300736001
842,63.04,77.88,174,2.011,2.104,156.61668,163.85952,302.1798142223999,102.82933463039993
843,63.04,83.88,174,2.011,2.104,168.68268,176.48352,28.27389198239995,6.167871590399993
844,63.04,98.9,174,2.011,2.104,198.88790000000003,208.08560000000003,619.4075664100016,1161.8281273600019
845,63.04,92.87,174,2.011,2.104,186.76157000000003,195.39848,162.8576688649009,457.89494631040026
846,63.04,99.91,174,2.011,2.104,200.91901000000001,210.21064,724.6330993801008,1311.210449209601
847,63.04,89.88,174,2.011,2.104,180.74868,189.10752,45.5446817424001,228.2371605503998
848,63.04,91.85,174,2.011,2.104,184.71035,193.2524,114.71159712250011,370.6549057599998
850,63.04,91.86,174,2.011,2.104,184.73046000000002,193.27344,115.14277181160047,371.46548943359977
851,63.04,89.87,174,2.011,2.104,180.72857000000002,189.08648000000002,45.27365424490026,227.6018787904007
852,63.04,86.88,174,2.011,2.104,174.71568,182.79552,0.5121978623999883,77.36117207040019
853,63.04,79.89,174,2.011,2.104,160.65879,168.08856,177.98788426409973,34.945122873599985
