Frame,Objects,Pre-processing Time,Inference Time,Post-processing Time
1,89,0.6854534149169922,60.625553131103516,2.6755332946777344
2,89,0.7808208465576172,50.79293251037598,2.8076171875
3,90,0.7762908935546875,51.69796943664551,2.7887821197509766
4,91,0.7283687591552734,50.501108169555664,2.771139144897461
5,92,0.7817745208740234,50.12011528015137,2.7816295623779297
6,93,0.7774829864501953,50.243377685546875,2.7806758880615234
7,94,0.7271766662597656,52.266836166381836,2.7849674224853516
8,97,0.7269382476806641,51.37014389038086,2.805948257446289
9,97,0.8153915405273438,50.925254821777344,2.996206283569336
10,97,0.7281303405761719,50.76241493225098,2.8412342071533203
11,96,0.7872581481933594,49.982547760009766,2.7506351470947266
12,97,0.7271766662597656,50.21476745605469,2.8123855590820312
13,98,0.7519721984863281,51.33318901062012,2.785921096801758
14,99,0.7357597351074219,50.878047943115234,2.771139144897461
15,99,0.7936954498291016,50.03023147583008,2.8581619262695312
16,101,0.7927417755126953,50.77672004699707,2.7980804443359375
17,103,0.7848739624023438,50.70233345031738,2.7649402618408203
18,102,0.7500648498535156,49.87287521362305,2.8417110443115234
19,104,0.7236003875732422,50.893306732177734,2.8095245361328125
20,105,0.7219314575195312,50.823211669921875,2.748250961303711
21,106,0.7967948913574219,50.14801025390625,2.784252166748047
22,107,0.736236572265625,50.65131187438965,2.8014183044433594
23,108,0.7219314575195312,50.99177360534668,2.870798110961914
24,109,0.7863044738769531,50.51279067993164,2.8400421142578125
25,108,0.7245540618896484,50.61602592468262,3.1778812408447266
26,107,0.7200241088867188,51.65362358093262,2.762317657470703
27,108,0.7815361022949219,50.9486198425293,2.7632713317871094
28,109,0.7307529449462891,51.09405517578125,2.7904510498046875
29,108,0.7238388061523438,50.58908462524414,2.770662307739258
30,110,0.782012939453125,50.255775451660156,2.7823448181152344
31,110,0.7219314575195312,50.14657974243164,2.746105194091797
32,114,0.7288455963134766,50.92120170593262,2.788543701171875
33,115,0.7956027984619141,49.89051818847656,2.8374195098876953
34,116,0.7262229919433594,50.60434341430664,2.757549285888672
35,116,0.7369518280029297,50.75383186340332,2.854585647583008
36,117,0.7848739624023438,50.21357536315918,2.836465835571289
37,117,0.7243156433105469,52.3524284362793,2.799510955810547
38,116,0.7791519165039062,51.926374435424805,3.125905990600586
39,119,0.7872581481933594,49.95560646057129,2.8297901153564453
40,120,0.7290840148925781,52.36649513244629,2.856731414794922
41,121,0.7798671722412109,50.68516731262207,2.7611255645751953
42,122,0.7312297821044922,50.75860023498535,2.7964115142822266
43,123,0.7970333099365234,52.56533622741699,2.862215042114258
44,123,0.7808208465576172,49.92389678955078,2.749919891357422
45,123,0.7257461547851562,51.25713348388672,2.7713775634765625
46,123,0.8041858673095703,50.64558982849121,2.7785301208496094
47,123,0.7703304290771484,50.14348030090332,2.7997493743896484
48,123,0.7538795471191406,50.58717727661133,2.767801284790039
49,123,0.7758140563964844,50.63986778259277,2.759218215942383
50,123,0.7262229919433594,50.25076866149902,2.789735794067383
51,122,0.7748603820800781,50.54140090942383,2.7794837951660156
52,123,0.7781982421875,50.545454025268555,2.814769744873047
53,123,0.7233619689941406,51.46288871765137,2.7985572814941406
54,124,0.7238388061523438,51.16581916809082,2.833127975463867
55,125,0.79345703125,50.41074752807617,2.840280532836914
56,125,0.7243156433105469,51.535606384277344,3.184080123901367
57,125,0.7884502410888672,51.69224739074707,2.7887821197509766
58,127,0.78582763671875,50.81319808959961,2.7761459350585938
59,126,0.7395744323730469,50.59027671813965,2.8014183044433594
60,127,0.7240772247314453,51.462650299072266,2.780437469482422
61,127,0.7834434509277344,50.26960372924805,2.797365188598633
62,127,0.7221698760986328,50.909996032714844,2.8603076934814453
63,127,0.7793903350830078,49.994468688964844,2.777099609375
64,127,0.7495880126953125,49.86929893493652,2.7582645416259766
65,129,0.7245540618896484,51.29432678222656,2.7904510498046875
66,129,0.7967948913574219,50.482988357543945,2.782583236694336
67,129,0.7219314575195312,51.21636390686035,2.8226375579833984
68,129,0.7321834564208984,50.57358741760254,2.887248992919922
69,130,0.7231235504150391,50.15850067138672,2.8035640716552734
70,130,0.7238388061523438,50.64201354980469,2.818584442138672
71,130,0.7739067077636719,49.94368553161621,2.7942657470703125
72,131,0.7224082946777344,50.99821090698242,2.78472900390625
73,131,0.7317066192626953,50.67181587219238,2.7751922607421875
74,131,0.7419586181640625,50.53853988647461,2.7713775634765625
75,131,0.7236003875732422,51.22709274291992,2.7985572814941406
76,130,0.8423328399658203,49.985647201538086,2.7921199798583984
77,129,0.7317066192626953,50.908803939819336,2.766847610473633
78,129,0.7812976837158203,50.595998764038086,2.780914306640625
79,130,0.7190704345703125,51.216840744018555,2.843141555786133
80,131,0.7798671722412109,50.40717124938965,2.8231143951416016
81,130,0.7195472717285156,50.18353462219238,3.4742355346679688
82,129,0.7283687591552734,50.820112228393555,2.8078556060791016
83,129,0.7886886596679688,49.9570369720459,2.778768539428711
84,133,0.8225440979003906,50.687313079833984,2.7742385864257812
85,133,0.7829666137695312,49.976348876953125,2.8467178344726562
86,134,0.7297992706298828,50.12392997741699,3.3750534057617188
87,134,0.7975101470947266,50.39191246032715,2.7725696563720703
88,134,0.7848739624023438,50.19235610961914,2.7451515197753906
89,134,0.7159709930419922,50.838470458984375,2.7501583099365234
90,137,0.7817745208740234,50.08554458618164,2.7437210083007812
91,138,0.7328987121582031,50.45962333679199,2.752542495727539
92,138,0.7867813110351562,49.97730255126953,2.7387142181396484
93,138,0.7779598236083984,52.021026611328125,2.5758743286132812
94,138,0.7810592651367188,50.971031188964844,2.7344226837158203
95,136,0.7200241088867188,51.15818977355957,2.7365684509277344
96,136,0.7238388061523438,51.216840744018555,2.742767333984375
97,136,0.7765293121337891,50.560951232910156,2.7370452880859375
98,136,0.7166862487792969,51.168203353881836,2.743959426879883
99,136,0.7796287536621094,50.63605308532715,2.725362777709961
100,135,0.7929801940917969,50.62150955200195,3.239870071411133
101,137,0.7212162017822266,51.85055732727051,2.777576446533203
102,137,0.7729530334472656,51.390647888183594,2.7523040771484375
103,137,0.782012939453125,50.77815055847168,2.7608871459960938
104,137,0.7224082946777344,52.239179611206055,2.880096435546875
105,136,0.7712841033935547,50.92501640319824,2.742290496826172
106,133,0.7822513580322266,49.959421157836914,2.8693675994873047
107,134,0.7214546203613281,50.81439018249512,2.7618408203125
108,133,0.8380413055419922,53.604841232299805,2.8192996978759766
109,133,0.8070468902587891,52.7949333190918,2.7284622192382812
110,135,0.7913112640380859,51.77044868469238,3.0434131622314453
111,136,0.7870197296142578,50.6746768951416,2.850055694580078
112,136,0.8137226104736328,50.50945281982422,3.320932388305664
113,136,0.7953643798828125,50.641775131225586,2.78472900390625
114,139,0.7927417755126953,52.15787887573242,2.8657913208007812
115,138,0.7977485656738281,50.25458335876465,3.7755966186523438
116,138,0.7846355438232422,50.72283744812012,2.7632713317871094
117,136,0.7925033569335938,50.25649070739746,3.173828125
118,136,0.7445812225341797,51.53512954711914,2.817869186401367
119,137,0.7789134979248047,49.96156692504883,2.802610397338867
120,137,0.7245540618896484,51.201581954956055,2.763032913208008
121,137,0.7917881011962891,50.47488212585449,2.783536911010742
122,135,0.7252693176269531,50.466060638427734,2.7844905853271484
123,135,0.7886886596679688,53.946733474731445,2.79998779296875
124,135,0.7941722869873047,51.55229568481445,2.811431884765625
125,135,0.7865428924560547,50.48632621765137,2.9180049896240234
126,137,0.8218288421630859,50.74310302734375,2.9599666595458984
127,137,0.7998943328857422,51.71704292297363,2.8302669525146484
128,138,0.7936954498291016,50.592660903930664,3.233194351196289
129,139,0.7913112640380859,50.89378356933594,2.799510955810547
130,138,0.80108642578125,51.326751708984375,2.8076171875
131,138,0.7891654968261719,50.804853439331055,2.921581268310547
132,138,0.8029937744140625,50.36282539367676,2.8655529022216797
133,138,0.7960796356201172,50.42457580566406,3.177642822265625
134,139,0.7891654968261719,51.20515823364258,2.8200149536132812
135,141,0.8032321929931641,51.54228210449219,3.053903579711914
136,140,0.7982254028320312,52.06418037414551,2.8417110443115234
137,142,0.7877349853515625,50.98152160644531,2.802610397338867
138,142,0.7791519165039062,50.856590270996094,2.847909927368164
139,143,0.7212162017822266,51.277875900268555,2.7947425842285156
140,143,0.7867813110351562,50.397396087646484,2.7818679809570312
141,145,0.7166862487792969,51.93829536437988,2.7964115142822266
142,145,0.7872581481933594,49.92079734802246,2.769947052001953
143,145,0.7493495941162109,50.415992736816406,3.108978271484375
144,145,0.7379055023193359,50.386667251586914,2.7649402618408203
145,145,0.7228851318359375,50.14324188232422,2.786874771118164
146,144,0.8292198181152344,49.99542236328125,2.763986587524414
147,142,0.7212162017822266,50.66084861755371,2.7837753295898438
148,142,0.7760524749755859,49.93748664855957,2.78472900390625
149,142,0.7290840148925781,49.92985725402832,2.7725696563720703
150,142,0.7243156433105469,50.67753791809082,2.788066864013672
151,142,0.774383544921875,49.98159408569336,2.7625560760498047
152,144,0.7207393646240234,50.824880599975586,2.775907516479492
153,143,0.7822513580322266,50.2009391784668,2.765655517578125
154,144,0.7224082946777344,51.05328559875488,2.8269290924072266
155,144,0.8456707000732422,50.2161979675293,2.8121471405029297
156,143,0.7169246673583984,51.25713348388672,2.8090476989746094
157,142,0.7710456848144531,50.66680908203125,2.7582645416259766
158,141,0.7238388061523438,51.02276802062988,2.7697086334228516
159,142,0.7698535919189453,50.3997802734375,2.768993377685547
160,142,0.7236003875732422,51.100969314575195,2.7811527252197266
161,142,0.881195068359375,49.88384246826172,2.760171890258789
162,141,0.7810592651367188,49.89743232727051,2.8104782104492188
163,141,0.7245540618896484,50.27627944946289,2.761363983154297
164,141,0.7278919219970703,50.130367279052734,2.8390884399414062
165,141,0.7250308990478516,50.76432228088379,2.7883052825927734
166,140,0.7882118225097656,50.51445960998535,2.7604103088378906
167,140,0.823974609375,51.139116287231445,2.749919891357422
168,140,0.7877349853515625,50.22692680358887,2.7794837951660156
169,141,0.7238388061523438,51.04804039001465,2.7990341186523438
170,142,0.7719993591308594,49.89743232727051,2.780437469482422
171,143,0.7228851318359375,49.9417781829834,2.789020538330078
172,142,0.7231235504150391,51.920413970947266,2.8264522552490234
173,142,0.7257461547851562,50.40907859802246,2.923727035522461
174,143,0.7340908050537109,50.43983459472656,2.7697086334228516
175,144,0.7216930389404297,52.263498306274414,2.9273033142089844
176,142,0.7953643798828125,50.71902275085449,2.7909278869628906
177,143,0.7781982421875,49.95131492614746,2.7930736541748047
178,143,0.7231235504150391,50.85253715515137,2.795696258544922
179,142,0.7846355438232422,50.530433654785156,2.855539321899414
180,140,0.7293224334716797,50.56571960449219,2.801179885864258
181,140,0.7245540618896484,50.84514617919922,2.802133560180664
182,140,0.7770061492919922,50.53281784057617,2.7680397033691406
183,139,0.74005126953125,50.81892013549805,2.771615982055664
184,141,0.7786750793457031,49.956321716308594,2.7735233306884766
185,141,0.7302761077880859,49.99399185180664,2.825498580932617
186,141,0.7314682006835938,50.385236740112305,2.7780532836914062
187,142,0.7281303405761719,50.15993118286133,2.785205841064453
188,142,0.7245540618896484,51.00750923156738,2.8252601623535156
189,142,0.7753372192382812,50.322532653808594,2.817392349243164
190,142,0.7889270782470703,50.83751678466797,2.8066635131835938
191,143,0.7205009460449219,51.31363868713379,2.7785301208496094
192,143,0.7822513580322266,50.16207695007324,2.7878284454345703
193,142,0.7293224334716797,55.25374412536621,2.8145313262939453
194,142,0.7939338684082031,50.81057548522949,2.7942657470703125
195,142,0.7746219635009766,50.139427185058594,2.8061866760253906
196,142,0.8392333984375,51.18203163146973,2.7742385864257812
197,143,0.7772445678710938,50.19354820251465,2.799510955810547
198,142,0.7293224334716797,51.52750015258789,2.8061866760253906
199,142,0.7789134979248047,49.97849464416504,2.779245376586914
200,142,0.7257461547851562,49.96180534362793,2.8002262115478516
201,141,0.7340908050537109,50.156593322753906,2.7854442596435547
202,141,0.7197856903076172,49.95274543762207,2.797365188598633
203,142,0.7190704345703125,50.70090293884277,2.7806758880615234
204,141,0.797271728515625,50.17995834350586,2.785205841064453
205,141,0.7219314575195312,51.02372169494629,2.816438674926758
206,140,0.7750988006591797,50.28247833251953,2.828836441040039
207,141,0.7367134094238281,51.201581954956055,2.8367042541503906
208,141,0.797271728515625,50.55642127990723,2.786874771118164
209,141,0.7183551788330078,50.2324104309082,2.794981002807617
210,141,0.7243156433105469,50.84061622619629,2.804279327392578
211,141,0.7798671722412109,50.13632774353027,2.8014183044433594
212,140,0.7238388061523438,51.65457725524902,2.879619598388672
213,139,0.7767677307128906,49.94034767150879,2.7761459350585938
214,139,0.7236003875732422,50.75573921203613,2.8095245361328125
215,141,0.7953643798828125,50.401926040649414,2.837657928466797
216,140,0.7557868957519531,50.18162727355957,2.779245376586914
217,140,0.736236572265625,51.03182792663574,2.803802490234375
218,141,0.7910728454589844,50.31275749206543,2.801656723022461
219,140,0.7295608520507812,51.16009712219238,2.7892589569091797
220,141,0.7803440093994141,50.58693885803223,2.810239791870117
221,140,0.728607177734375,51.43857002258301,2.8078556060791016
222,142,0.7815361022949219,50.35400390625,2.7751922607421875
223,143,0.7381439208984375,50.878286361694336,2.8274059295654297
224,143,0.7281303405761719,50.13775825500488,2.7692317962646484
225,143,0.7359981536865234,50.58932304382324,2.7773380279541016
226,142,0.9622573852539062,50.3995418548584,2.8061866760253906
227,143,0.7297992706298828,51.189422607421875,2.752065658569336
228,142,0.7791519165039062,50.57263374328613,2.7887821197509766
229,141,0.7889270782470703,50.516366958618164,2.779245376586914
230,140,0.7216930389404297,51.192522048950195,2.7849674224853516
231,140,0.7781982421875,52.55389213562012,2.8181076049804688
232,138,0.7822513580322266,50.696611404418945,2.7883052825927734
233,139,0.7915496826171875,54.92544174194336,2.9757022857666016
234,138,0.7984638214111328,55.043935775756836,2.860546112060547
235,139,0.8122920989990234,51.75590515136719,4.4612884521484375
236,140,0.8974075317382812,53.95150184631348,3.1952857971191406
237,140,0.827789306640625,50.423622131347656,2.946138381958008
238,140,0.7359981536865234,51.42831802368164,2.7425289154052734
239,141,0.7901191711425781,50.54903030395508,2.761363983154297
240,142,0.7302761077880859,50.96697807312012,2.8884410858154297
241,142,0.7925033569335938,51.696062088012695,2.8429031372070312
242,144,0.7936954498291016,50.61030387878418,2.8400421142578125
243,144,0.7281303405761719,51.155805587768555,2.8312206268310547
244,144,0.7784366607666016,49.92175102233887,2.800464630126953
245,144,0.7245540618896484,50.660133361816406,2.7785301208496094
246,144,0.7266998291015625,50.44674873352051,2.8023719787597656
247,144,0.7224082946777344,50.3849983215332,2.8057098388671875
248,145,0.8141994476318359,51.78117752075195,2.8574466705322266
249,144,0.7271766662597656,51.596641540527344,2.8383731842041016
250,144,0.8022785186767578,50.451040267944336,2.881765365600586
251,146,0.7274150848388672,50.978660583496094,2.829313278198242
252,146,0.7851123809814453,51.25737190246582,2.9990673065185547
253,146,0.7321834564208984,52.056312561035156,2.9256343841552734
254,146,0.7746219635009766,50.69994926452637,2.7799606323242188
255,143,0.7910728454589844,51.01442337036133,3.2427310943603516
256,143,0.8401870727539062,52.254676818847656,5.918025970458984
257,144,0.8223056793212891,50.71687698364258,3.0782222747802734
258,144,0.8440017700195312,52.86073684692383,2.87628173828125
259,145,0.7796287536621094,50.20260810852051,2.8057098388671875
260,143,0.7381439208984375,52.117109298706055,3.1423568725585938
261,144,0.80108642578125,50.861358642578125,3.4036636352539062
262,144,0.7920265197753906,51.625967025756836,2.8815269470214844
263,143,0.8115768432617188,52.411794662475586,3.004312515258789
264,142,0.9429454803466797,51.19800567626953,2.8760433197021484
265,144,0.8442401885986328,50.43363571166992,2.810955047607422
266,145,0.7565021514892578,50.58479309082031,2.7790069580078125
267,145,0.7202625274658203,50.50301551818848,2.8083324432373047
268,145,0.7197856903076172,51.42545700073242,2.7871131896972656
269,144,0.8509159088134766,50.759077072143555,3.106832504272461
270,144,0.7796287536621094,50.138235092163086,2.7408599853515625
271,146,0.7257461547851562,51.40209197998047,2.79998779296875
272,146,0.7886886596679688,50.608158111572266,2.751588821411133
273,144,0.7214546203613281,51.65815353393555,2.786397933959961
274,144,0.7891654968261719,51.20396614074707,2.778291702270508
275,144,0.7290840148925781,51.70798301696777,2.762317657470703
276,144,0.7357597351074219,50.27127265930176,2.8259754180908203
277,143,0.7259845733642578,50.02140998840332,2.8069019317626953
278,143,0.7295608520507812,51.08284950256348,2.8307437896728516
279,141,0.7939338684082031,51.50628089904785,2.8798580169677734
280,142,0.7829666137695312,50.65798759460449,2.7713775634765625
281,141,0.7262229919433594,50.960540771484375,2.8438568115234375
282,143,0.7786750793457031,52.9937744140625,3.0150413513183594
283,144,0.7824897766113281,50.61459541320801,2.8603076934814453
284,143,0.7402896881103516,52.40631103515625,3.2258033752441406
285,145,0.8020401000976562,51.203012466430664,2.8467178344726562
286,146,0.7903575897216797,50.765037536621094,2.8297901153564453
287,148,0.7467269897460938,49.872636795043945,2.7854442596435547
288,149,0.7278919219970703,50.307512283325195,2.8150081634521484
289,147,0.7233619689941406,50.254106521606445,2.864837646484375
290,146,0.7345676422119141,51.40185356140137,2.7914047241210938
291,146,0.7801055908203125,50.31752586364746,2.8257369995117188
292,147,0.7214546203613281,50.52018165588379,2.779722213745117
293,147,0.7786750793457031,49.932241439819336,2.884387969970703
294,146,0.7343292236328125,51.10430717468262,2.79998779296875
295,146,0.7865428924560547,50.27174949645996,2.794027328491211
296,146,0.8256435394287109,49.9730110168457,2.778768539428711
297,147,0.7231235504150391,50.86469650268555,2.7837753295898438
298,148,1.0030269622802734,50.90785026550293,2.805948257446289
299,149,0.7321834564208984,50.96578598022461,2.790212631225586
300,149,0.7915496826171875,50.008296966552734,2.7828216552734375
301,149,0.7231235504150391,54.11791801452637,2.7976036071777344
302,149,0.79345703125,54.00705337524414,2.777099609375
303,149,0.7379055023193359,52.2160530090332,2.7828216552734375
304,149,0.8013248443603516,51.77950859069824,2.7768611907958984
305,150,0.7205009460449219,52.025794982910156,2.794981002807617
306,150,0.7810592651367188,51.71990394592285,2.8471946716308594
307,149,0.7255077362060547,51.53012275695801,2.888917922973633
308,147,0.7288455963134766,51.53322219848633,2.814054489135742
309,149,0.7357597351074219,51.604270935058594,2.9833316802978516
310,149,0.7762908935546875,50.10414123535156,2.834796905517578
311,148,0.7185935974121094,50.740957260131836,2.798318862915039
312,147,0.7767677307128906,50.4915714263916,2.827882766723633
313,148,0.7319450378417969,49.95584487915039,2.7980804443359375
314,149,0.7376670837402344,50.22621154785156,2.7680397033691406
315,149,0.7228851318359375,50.1704216003418,2.8314590454101562
316,148,0.7436275482177734,51.26357078552246,2.7604103088378906
317,148,0.7977485656738281,50.11701583862305,2.7625560760498047
318,147,0.7236003875732422,50.469398498535156,2.8073787689208984
319,147,0.7793903350830078,49.971580505371094,2.758026123046875
320,149,0.7290840148925781,50.92191696166992,2.7365684509277344
321,148,0.7727146148681641,50.597190856933594,2.7577877044677734
322,148,0.7920265197753906,51.04184150695801,2.747058868408203
323,147,0.7860660552978516,49.87025260925293,2.7396678924560547
324,146,0.7741451263427734,50.63319206237793,2.7604103088378906
325,145,0.7793903350830078,50.13871192932129,2.7513504028320312
326,144,0.7293224334716797,50.19521713256836,3.1385421752929688
327,144,0.7228851318359375,50.67586898803711,2.767801284790039
328,146,0.736236572265625,50.34685134887695,2.78472900390625
329,146,0.7233619689941406,50.644874572753906,2.788543701171875
330,146,0.7832050323486328,50.13012886047363,2.765178680419922
331,146,0.7297992706298828,51.39970779418945,2.7785301208496094
332,146,0.7812976837158203,49.95584487915039,2.7768611907958984
333,146,0.7224082946777344,50.80580711364746,2.7832984924316406
334,144,0.7839202880859375,50.438880920410156,2.791166305541992
335,144,0.7295608520507812,51.00727081298828,2.782583236694336
336,146,0.7798671722412109,49.96848106384277,2.7608871459960938
337,144,0.7219314575195312,51.03421211242676,2.7894973754882812
338,145,0.7753372192382812,50.518035888671875,2.7620792388916016
339,145,0.7195472717285156,51.050662994384766,2.7594566345214844
340,146,0.7758140563964844,50.0636100769043,2.7332305908203125
341,145,0.7178783416748047,50.92644691467285,2.751588821411133
342,145,0.7848739624023438,50.39262771606445,2.762317657470703
343,145,0.7195472717285156,50.27604103088379,2.8829574584960938
344,145,0.7321834564208984,50.83513259887695,2.737283706665039
345,145,0.7200241088867188,50.254106521606445,2.730846405029297
346,144,0.7512569427490234,50.92144012451172,2.7358531951904297
347,144,0.7805824279785156,50.18186569213867,2.7463436126708984
348,146,0.7264614105224609,51.11360549926758,2.7468204498291016
349,148,0.7767677307128906,50.5979061126709,2.746105194091797
350,147,0.7219314575195312,50.682783126831055,2.765655517578125
351,146,0.7867813110351562,50.0636100769043,2.7582645416259766
352,146,0.7202625274658203,50.81486701965332,2.7539730072021484
353,144,0.7789134979248047,50.15707015991211,2.7468204498291016
354,144,0.7290840148925781,50.96745491027832,2.7365684509277344
355,144,0.7741451263427734,50.339698791503906,2.730846405029297
356,143,0.7224082946777344,50.52065849304199,2.7387142181396484
357,145,0.7345676422119141,50.86064338684082,2.748250961303711
358,145,0.7762908935546875,50.18353462219238,2.73895263671875
359,144,0.732421875,50.64582824707031,2.7556419372558594
360,143,0.7801055908203125,50.16613006591797,2.737283706665039
361,141,0.7214546203613281,50.864219665527344,2.7441978454589844
362,140,0.7774829864501953,50.260305404663086,2.723217010498047
363,140,0.7288455963134766,51.15318298339844,2.746105194091797
364,140,0.7770061492919922,50.60148239135742,2.7420520782470703
365,141,0.7240772247314453,50.840139389038086,3.225564956665039
366,140,0.9529590606689453,50.4000186920166,2.7923583984375
367,141,0.7309913635253906,49.892425537109375,2.7513504028320312
368,142,0.7278919219970703,50.646305084228516,2.7420520782470703
369,142,0.7808208465576172,49.97897148132324,2.73895263671875
370,142,0.7228851318359375,50.68182945251465,2.751588821411133
371,142,0.7772445678710938,50.427913665771484,2.741575241088867
372,142,0.7243156433105469,50.96578598022461,2.7685165405273438
373,143,0.7772445678710938,50.45938491821289,2.762317657470703
374,143,0.7240772247314453,50.559282302856445,2.9151439666748047
375,144,0.7338523864746094,50.5061149597168,2.756834030151367
376,144,0.9615421295166016,50.594329833984375,2.742290496826172
377,144,0.7917881011962891,49.90792274475098,2.765655517578125
378,144,0.7781982421875,50.74143409729004,2.774477005004883
379,144,0.7779598236083984,49.944162368774414,2.741098403930664
380,145,0.7402896881103516,49.98517036437988,2.835512161254883
381,145,0.7202625274658203,50.405025482177734,2.778291702270508
382,145,0.7255077362060547,50.188302993774414,2.760648727416992
383,144,0.7176399230957031,51.081180572509766,2.75421142578125
384,146,0.7731914520263672,50.437211990356445,2.7658939361572266
385,146,0.7750988006591797,51.38254165649414,2.7434825897216797
386,146,0.7739067077636719,50.058841705322266,2.7151107788085938
387,146,0.7226467132568359,50.624847412109375,2.7332305908203125
388,146,0.7748603820800781,49.88360404968262,2.7675628662109375
389,146,0.7190704345703125,49.99423027038574,3.075122833251953
390,146,0.7219314575195312,50.388336181640625,2.765655517578125
391,146,0.7233619689941406,50.99987983703613,2.7551651000976562
392,146,0.7786750793457031,51.86963081359863,2.769947052001953
393,147,0.7746219635009766,50.93502998352051,2.7649402618408203
394,146,0.7266998291015625,50.668954849243164,2.7496814727783203
395,146,0.7777214050292969,49.95870590209961,2.7315616607666016
396,145,0.7867813110351562,50.01401901245117,2.7382373809814453
397,144,0.7221698760986328,50.79960823059082,2.7556419372558594
398,144,0.7727146148681641,50.84848403930664,2.7446746826171875
399,145,0.7212162017822266,51.808834075927734,2.7399063110351562
400,144,0.7758140563964844,50.29702186584473,2.731800079345703
401,144,0.720977783203125,50.74310302734375,2.7501583099365234
402,144,0.7894039154052734,49.93319511413574,2.7451515197753906
403,143,0.7231235504150391,50.928592681884766,2.7701854705810547
404,143,0.7758140563964844,50.475358963012695,2.7256011962890625
405,142,0.7190704345703125,50.43220520019531,2.743244171142578
406,142,0.7331371307373047,50.99177360534668,2.717256546020508
407,142,0.7805824279785156,49.88861083984375,2.744913101196289
408,142,0.7274150848388672,50.66967010498047,2.7556419372558594
409,141,0.7753372192382812,50.02927780151367,2.744436264038086
410,142,0.7226467132568359,50.89926719665527,2.749919891357422
411,143,0.7801055908203125,50.131797790527344,2.758502960205078
412,145,0.7357597351074219,51.14316940307617,2.753734588623047
413,144,0.7770061492919922,50.621986389160156,2.743244171142578
414,145,0.7250308990478516,50.49324035644531,2.898693084716797
415,145,0.7178783416748047,50.61626434326172,2.773761749267578
416,145,0.7207393646240234,49.97873306274414,2.760648727416992
417,144,0.7238388061523438,51.534414291381836,2.9032230377197266
418,145,0.7824897766113281,50.217628479003906,2.7794837951660156
419,142,0.7345676422119141,51.28073692321777,2.774953842163086
420,144,0.7793903350830078,50.577640533447266,2.7861595153808594
421,144,0.7205009460449219,51.16391181945801,2.775907516479492
422,143,0.7240772247314453,50.23908615112305,2.7523040771484375
423,143,0.7295608520507812,50.2781867980957,2.880096435546875
424,143,0.8518695831298828,50.42600631713867,2.7472972869873047
425,144,0.732421875,50.643205642700195,2.7451515197753906
426,146,0.7755756378173828,50.386667251586914,2.7370452880859375
427,145,0.7193088531494141,51.34010314941406,2.7506351470947266
428,146,0.7812976837158203,50.167083740234375,2.7399063110351562
429,146,0.7202625274658203,50.920724868774414,2.758026123046875
430,146,0.7753372192382812,50.34589767456055,2.7534961700439453
431,146,0.7390975952148438,50.95171928405762,2.757549285888672
432,145,0.7221698760986328,50.353050231933594,2.732515335083008
433,145,0.7750988006591797,49.87311363220215,2.7618408203125
434,145,0.7989406585693359,50.588130950927734,2.749204635620117
435,145,0.7772445678710938,50.14348030090332,2.7616024017333984
436,145,0.8969306945800781,50.458669662475586,2.7532577514648438
437,146,0.7250308990478516,51.232099533081055,2.7666091918945312
438,145,0.7784366607666016,50.04167556762695,2.7573108673095703
439,146,0.7181167602539062,50.64797401428223,2.7806758880615234
440,143,0.7779598236083984,49.87335205078125,2.747774124145508
441,144,0.7178783416748047,49.93438720703125,2.7680397033691406
442,146,0.7183551788330078,50.855398178100586,2.7425289154052734
443,146,0.7774829864501953,50.24218559265137,2.7751922607421875
444,145,0.7157325744628906,51.30481719970703,2.766132354736328
445,146,0.7741451263427734,50.435543060302734,2.7773380279541016
446,147,0.7219314575195312,50.492286682128906,2.7794837951660156
447,147,0.7755756378173828,49.90863800048828,2.768278121948242
448,146,0.7221698760986328,50.89545249938965,2.7806758880615234
449,147,0.7777214050292969,50.25601387023926,2.7768611907958984
450,148,0.7233619689941406,51.39946937561035,2.762317657470703
451,146,0.7882118225097656,49.99566078186035,2.7723312377929688
452,146,0.7214546203613281,49.88384246826172,2.791166305541992
453,147,0.7715225219726562,50.25601387023926,2.7480125427246094
454,146,0.7171630859375,50.054073333740234,2.737760543823242
455,147,0.7145404815673828,51.177024841308594,2.7561187744140625
456,146,0.7734298706054688,49.86572265625,2.7511119842529297
457,145,0.7262229919433594,50.673484802246094,2.729177474975586
458,145,0.7841587066650391,50.384521484375,2.7365684509277344
459,145,0.7240772247314453,51.29742622375488,2.7413368225097656
460,144,0.7798671722412109,50.38166046142578,2.733945846557617
461,145,0.7243156433105469,50.73428153991699,2.7594566345214844
462,145,0.7729530334472656,50.160884857177734,2.742767333984375
463,144,0.7200241088867188,51.30815505981445,2.7496814727783203
464,143,0.7824897766113281,50.36568641662598,2.733945846557617
465,142,0.7245540618896484,50.672292709350586,2.7344226837158203
466,144,0.7879734039306641,49.99136924743652,2.7413368225097656
467,143,0.7262229919433594,50.38714408874512,2.9637813568115234
468,143,0.7257461547851562,50.41337013244629,2.7458667755126953
469,143,0.7314682006835938,50.21834373474121,2.7761459350585938
470,142,0.7264614105224609,51.227569580078125,2.7463436126708984
471,143,0.7774829864501953,50.67706108093262,2.733469009399414
472,144,0.7262229919433594,51.02872848510742,2.7320384979248047
473,145,0.7760524749755859,50.1406192779541,2.749204635620117
474,145,0.7777214050292969,50.67014694213867,2.729177474975586
475,145,0.7729530334472656,49.95989799499512,2.7251243591308594
476,145,0.7221698760986328,50.12965202331543,3.113269805908203
477,144,0.7295608520507812,50.51279067993164,2.743959426879883
478,144,0.7252693176269531,50.49729347229004,2.7403831481933594
479,144,0.7283687591552734,51.02849006652832,2.753019332885742
480,144,0.78582763671875,50.04525184631348,2.745389938354492
481,144,0.7867813110351562,50.597429275512695,2.753019332885742
482,144,0.7791519165039062,49.98040199279785,2.7196407318115234
483,144,0.7238388061523438,50.978899002075195,2.7582645416259766
484,144,0.8358955383300781,50.23360252380371,3.1294822692871094
485,142,0.7331371307373047,50.560951232910156,2.7434825897216797
486,142,0.7312297821044922,50.559043884277344,2.727031707763672
487,141,0.7216930389404297,51.253557205200195,2.740144729614258
488,142,0.7786750793457031,50.26102066040039,2.7070045471191406
489,143,0.7274150848388672,50.628662109375,2.7327537536621094
490,144,0.7760524749755859,49.87168312072754,2.7534961700439453
491,144,0.7162094116210938,50.589561462402344,2.7344226837158203
492,144,0.7758140563964844,50.17280578613281,2.741575241088867
493,145,0.7195472717285156,51.32412910461426,2.791166305541992
494,145,0.7863044738769531,49.857378005981445,2.7418136596679688
495,144,0.7243156433105469,50.35138130187988,2.7327537536621094
496,143,0.7865428924560547,50.60529708862305,2.722024917602539
497,142,0.72479248046875,50.48346519470215,2.747058868408203
498,142,0.7407665252685547,51.00393295288086,2.7544498443603516
499,142,0.7812976837158203,50.81033706665039,2.7523040771484375
500,143,0.7228851318359375,51.52583122253418,2.747774124145508
501,143,0.7801055908203125,51.442623138427734,2.7403831481933594
502,142,0.7779598236083984,50.90689659118652,2.7534961700439453
503,142,0.7762908935546875,50.28247833251953,2.7511119842529297
504,144,0.7264614105224609,51.28931999206543,2.7484893798828125
505,145,0.78582763671875,50.32539367675781,2.7451515197753906
506,145,0.7228851318359375,50.23527145385742,2.740144729614258
507,144,0.7841587066650391,49.918413162231445,2.7539730072021484
508,144,0.7307529449462891,50.658226013183594,2.9442310333251953
509,144,0.7255077362060547,50.78387260437012,2.7348995208740234
510,144,0.7262229919433594,50.275564193725586,2.7341842651367188
511,143,0.7219314575195312,50.68182945251465,2.7511119842529297
512,144,0.7758140563964844,49.9722957611084,2.7382373809814453
513,143,0.7214546203613281,50.766706466674805,2.732515335083008
514,141,0.7748603820800781,50.34804344177246,2.7353763580322266
515,141,0.7290840148925781,51.66912078857422,2.741098403930664
516,141,0.7734298706054688,50.30560493469238,2.7511119842529297
517,141,0.7264614105224609,51.04637145996094,2.756834030151367
518,142,0.7779598236083984,49.849748611450195,2.734661102294922
519,142,0.7226467132568359,49.86310005187988,2.7196407318115234
520,142,0.7193088531494141,50.690650939941406,2.725839614868164
521,144,0.7715225219726562,50.38332939147949,2.7418136596679688
522,144,0.7843971252441406,51.216840744018555,2.782583236694336
523,144,0.7765293121337891,49.926042556762695,2.7506351470947266
524,144,0.72479248046875,50.96602439880371,2.7856826782226562
525,144,0.7796287536621094,50.48036575317383,2.772092819213867
526,144,0.7469654083251953,50.7047176361084,2.75421142578125
527,145,0.7855892181396484,50.39572715759277,2.7937889099121094
528,145,0.7278919219970703,51.18918418884277,2.749204635620117
529,145,0.7786750793457031,50.02641677856445,2.738475799560547
530,145,0.72479248046875,50.38642883300781,2.7289390563964844
531,146,0.7841587066650391,49.913883209228516,2.739429473876953
532,146,0.7281303405761719,50.02546310424805,2.7289390563964844
533,145,0.7236003875732422,50.80580711364746,2.7523040771484375
534,145,0.7781982421875,50.23646354675293,2.742290496826172
535,145,0.7185935974121094,51.25617980957031,2.7666091918945312
536,145,0.7789134979248047,50.28867721557617,2.7573108673095703
537,145,0.7233619689941406,50.80008506774902,2.7396678924560547
538,144,0.7760524749755859,49.88670349121094,2.7437210083007812
539,145,0.7295608520507812,50.628662109375,2.7408599853515625
540,144,0.7767677307128906,50.185441970825195,2.7327537536621094
541,144,0.7257461547851562,50.33540725708008,2.807140350341797
542,144,0.7240772247314453,50.9037971496582,2.7513504028320312
543,144,0.7190704345703125,50.32062530517578,2.7391910552978516
544,143,0.8792877197265625,50.67634582519531,2.7413368225097656
545,143,0.7214546203613281,51.393985748291016,2.7620792388916016
546,143,0.7836818695068359,50.133705139160156,2.7441978454589844
547,143,0.7233619689941406,50.61006546020508,2.758502960205078
548,142,0.7741451263427734,49.96180534362793,2.7341842651367188
549,142,0.7178783416748047,50.261497497558594,2.7413368225097656
550,141,0.7252693176269531,50.79388618469238,2.7480125427246094
551,141,0.7762908935546875,50.58646202087402,2.7513504028320312
552,144,0.7236003875732422,51.11098289489746,2.7532577514648438
553,144,0.7815361022949219,50.50468444824219,2.7322769165039062
554,144,0.7221698760986328,50.925254821777344,2.738475799560547
555,144,0.7781982421875,49.89337921142578,2.740621566772461
556,143,0.7293224334716797,51.306724548339844,2.7501583099365234
557,144,0.7891654968261719,50.31561851501465,2.740144729614258
558,144,0.7431507110595703,50.55642127990723,2.8219223022460938
559,144,0.7219314575195312,50.83775520324707,2.744913101196289
560,144,0.7226467132568359,50.45461654663086,2.745389938354492
561,144,0.7205009460449219,50.97174644470215,2.736806869506836
562,144,0.7808208465576172,50.011396408081055,2.732515335083008
563,143,0.72479248046875,50.785064697265625,2.735614776611328
564,143,0.7767677307128906,50.03952980041504,2.7496814727783203
565,142,0.7219314575195312,50.7807731628418,2.737283706665039
566,145,0.7741451263427734,50.214290618896484,2.732992172241211
567,145,0.7257461547851562,50.3079891204834,3.021717071533203
568,145,0.7309913635253906,50.734519958496094,2.737283706665039
569,144,0.8332729339599609,50.78577995300293,2.753019332885742
570,145,0.7784366607666016,50.23908615112305,2.7298927307128906
571,145,0.7219314575195312,51.2385368347168,2.7539730072021484
572,145,0.7855892181396484,50.797224044799805,2.731800079345703
573,144,0.7221698760986328,51.06663703918457,2.735137939453125
574,144,0.7214546203613281,51.65719985961914,2.7573108673095703
575,144,0.7772445678710938,50.58002471923828,2.753019332885742
576,144,0.7221698760986328,51.43308639526367,2.7484893798828125
577,144,0.7915496826171875,50.1708984375,2.7408599853515625
578,144,0.8451938629150391,49.98898506164551,2.749204635620117
579,144,0.7202625274658203,50.12392997741699,2.9151439666748047
580,145,0.7190704345703125,50.336599349975586,2.7344226837158203
581,146,0.7212162017822266,50.24242401123047,2.7446746826171875
582,146,0.7312297821044922,51.36370658874512,2.740621566772461
583,146,0.7762908935546875,50.351858139038086,2.7430057525634766
584,146,0.7245540618896484,50.52614212036133,2.735137939453125
585,147,0.7755756378173828,49.9119758605957,2.743244171142578
586,147,0.7746219635009766,51.1021614074707,2.748727798461914
587,147,0.7269382476806641,50.57883262634277,2.740144729614258
588,147,0.7236003875732422,51.33247375488281,2.7527809143066406
589,147,0.7791519165039062,50.25506019592285,2.7637481689453125
590,148,0.7216930389404297,51.08380317687988,2.755403518676758
591,148,0.7798671722412109,49.964189529418945,2.7506351470947266
592,148,0.7250308990478516,50.740718841552734,2.7420520782470703
593,148,0.7796287536621094,50.208330154418945,2.7647018432617188
594,149,0.7221698760986328,50.438642501831055,2.8841495513916016
595,150,0.7326602935791016,50.78434944152832,2.7620792388916016
596,150,0.7226467132568359,50.1406192779541,2.767801284790039
597,150,0.7343292236328125,51.33175849914551,2.7701854705810547
598,150,0.7755756378173828,50.53544044494629,2.759218215942383
599,150,0.7264614105224609,51.28741264343262,2.8591156005859375
600,151,0.7767677307128906,50.43911933898926,2.755403518676758
601,149,0.7262229919433594,50.576210021972656,2.743244171142578
602,149,0.782012939453125,50.01044273376465,2.740621566772461
603,148,0.7193088531494141,51.00584030151367,2.744436264038086
604,148,0.7796287536621094,50.46391487121582,2.728700637817383
605,148,0.7238388061523438,51.15461349487305,2.746105194091797
606,147,0.7789134979248047,49.840450286865234,2.778291702270508
607,149,0.7231235504150391,50.45318603515625,2.7458667755126953
608,150,0.7266998291015625,50.45437812805176,2.7396678924560547
609,149,0.7219314575195312,50.58097839355469,2.753019332885742
610,149,0.7245540618896484,51.03254318237305,2.767801284790039
611,149,0.7729530334472656,49.87144470214844,2.740144729614258
612,151,0.7240772247314453,50.75836181640625,2.7341842651367188
613,151,0.7777214050292969,50.4605770111084,2.724170684814453
614,151,0.7188320159912109,50.60315132141113,2.7360916137695312
615,149,0.7762908935546875,50.06074905395508,2.745389938354492
616,149,0.7336139678955078,50.74191093444824,2.753734588623047
617,149,0.7731914520263672,50.06670951843262,2.7463436126708984
618,149,0.7264614105224609,50.7504940032959,2.745389938354492
619,148,0.7760524749755859,50.21929740905762,2.7358531951904297
620,148,0.7240772247314453,51.35703086853027,2.7620792388916016
621,148,0.7894039154052734,50.53353309631348,2.7484893798828125
622,148,0.7259845733642578,50.91404914855957,2.7310848236083984
623,148,0.7762908935546875,49.916982650756836,2.7365684509277344
624,147,0.72479248046875,50.00019073486328,2.9120445251464844
625,147,0.732421875,50.45199394226074,2.740621566772461
626,148,0.7236003875732422,50.56500434875488,2.738475799560547
627,148,0.72479248046875,50.96697807312012,2.751588821411133
628,148,0.7770061492919922,49.901485443115234,2.7408599853515625
629,148,0.7181167602539062,50.76122283935547,2.758026123046875
630,147,0.7765293121337891,50.2932071685791,2.7348995208740234
631,148,0.7212162017822266,51.752328872680664,2.750396728515625
632,148,0.7917881011962891,50.12106895446777,2.741575241088867
633,147,0.7233619689941406,50.553321838378906,2.7511119842529297
634,148,0.7791519165039062,50.104379653930664,2.7337074279785156
635,148,0.7317066192626953,51.006317138671875,2.7430057525634766
636,147,0.7827281951904297,50.516605377197266,2.7437210083007812
637,147,0.7219314575195312,50.31943321228027,3.273487091064453
638,147,0.8156299591064453,50.41193962097168,2.736330032348633
639,147,0.7183551788330078,50.603628158569336,2.7649402618408203
640,147,0.7750988006591797,49.98493194580078,2.7244091033935547
641,147,0.7212162017822266,50.893545150756836,2.7594566345214844
642,146,0.7781982421875,50.421714782714844,2.740621566772461
643,146,0.7197856903076172,51.355838775634766,2.7527809143066406
644,147,0.7796287536621094,50.13465881347656,2.7396678924560547
645,147,0.7200241088867188,49.96037483215332,2.7666091918945312
646,147,0.7898807525634766,50.253868103027344,2.72369384765625
647,147,0.7317066192626953,50.392866134643555,2.7532577514648438
648,148,0.7252693176269531,52.294015884399414,2.7723312377929688
649,146,0.7739067077636719,50.595760345458984,2.7320384979248047
650,145,0.7786750793457031,50.0340461730957,3.106355667114258
651,144,0.7348060607910156,50.394535064697266,2.7358531951904297
652,145,0.7214546203613281,50.176143646240234,2.7413368225097656
653,147,0.7226467132568359,51.152706146240234,2.7284622192382812
654,147,0.7870197296142578,50.78554153442383,2.7637481689453125
655,146,0.7185935974121094,50.991058349609375,2.736330032348633
656,147,0.7772445678710938,50.5518913269043,2.763509750366211
657,147,0.7245540618896484,50.95314979553223,2.7408599853515625
658,147,0.7822513580322266,50.51469802856445,2.7494430541992188
659,148,0.7395744323730469,51.15962028503418,2.7418136596679688
660,150,0.7777214050292969,49.889326095581055,2.7751922607421875
661,149,0.7219314575195312,50.952911376953125,2.7480125427246094
662,149,0.7750988006591797,50.45580863952637,2.7642250061035156
663,149,0.7224082946777344,50.58169364929199,2.7494430541992188
664,149,0.7226467132568359,50.57334899902344,2.7408599853515625
665,149,0.7202625274658203,50.57787895202637,2.739429473876953
666,148,0.7250308990478516,51.32269859313965,2.732992172241211
667,149,0.7789134979248047,50.95386505126953,2.7785301208496094
668,150,0.7255077362060547,50.7504940032959,3.251791000366211
669,149,0.7882118225097656,50.22168159484863,2.7666091918945312
670,151,0.7321834564208984,51.152944564819336,2.7413368225097656
671,151,0.7803440093994141,51.88560485839844,6.353616714477539
672,152,0.7739067077636719,50.93264579772949,2.7451515197753906
673,151,0.7777214050292969,49.97849464416504,2.7222633361816406
674,150,0.7402896881103516,51.360368728637695,2.7790069580078125
675,151,0.7767677307128906,49.88527297973633,2.7697086334228516
676,152,0.9024143218994141,50.20475387573242,2.7778148651123047
677,153,0.7386207580566406,50.751686096191406,2.7849674224853516
678,153,0.7855892181396484,51.029205322265625,2.7980804443359375
679,153,0.7269382476806641,50.308942794799805,2.7740001678466797
680,153,0.7295608520507812,50.33469200134277,2.775430679321289
681,153,0.7283687591552734,50.35877227783203,2.7899742126464844
682,153,0.7295608520507812,50.19950866699219,2.7658939361572266
683,153,0.7266998291015625,50.85301399230957,2.7866363525390625
684,154,0.732421875,50.41098594665527,2.7620792388916016
685,154,0.7789134979248047,51.07402801513672,2.7666091918945312
686,154,0.7307529449462891,50.35042762756348,2.7594566345214844
687,154,0.7309913635253906,51.049232482910156,2.773761749267578
688,154,0.7243156433105469,50.08888244628906,3.0090808868408203
689,154,0.7801055908203125,50.16350746154785,2.7735233306884766
690,154,0.7314682006835938,50.46200752258301,2.836465835571289
691,154,0.7762908935546875,49.97968673706055,2.7883052825927734
692,153,0.7257461547851562,51.41782760620117,2.752065658569336
693,153,0.7841587066650391,50.022125244140625,2.786397933959961
694,153,0.7326602935791016,51.34010314941406,2.775430679321289
695,153,0.7774829864501953,49.88217353820801,2.7818679809570312
696,152,0.728607177734375,51.171302795410156,2.7484893798828125
697,152,0.7746219635009766,50.23837089538574,2.7298927307128906
698,152,0.7231235504150391,50.93264579772949,2.7570724487304688
699,152,0.7774829864501953,50.26435852050781,2.7403831481933594
700,152,0.7238388061523438,51.055908203125,2.7518272399902344
701,152,0.7829666137695312,49.95155334472656,2.7437210083007812
702,152,0.7193088531494141,50.72903633117676,2.7527809143066406
703,152,0.782012939453125,50.57835578918457,2.7441978454589844
704,152,0.7212162017822266,49.898386001586914,2.840280532836914
705,152,0.873565673828125,50.39691925048828,2.7358531951904297
706,152,0.7638931274414062,50.759077072143555,2.729654312133789
707,154,0.7755756378173828,50.235748291015625,2.7740001678466797
708,154,0.7398128509521484,52.24442481994629,2.749204635620117
709,154,0.7805824279785156,50.682783126831055,2.7298927307128906
710,154,0.7216930389404297,51.46503448486328,2.747774124145508
711,154,0.7731914520263672,50.606727600097656,2.7484893798828125
712,154,0.720977783203125,49.91483688354492,2.988576889038086
713,154,0.7302761077880859,50.29463768005371,2.747774124145508
714,154,0.7238388061523438,50.347328186035156,2.760648727416992
715,153,0.7295608520507812,50.647735595703125,2.7523040771484375
716,153,0.7207393646240234,49.95155334472656,2.732515335083008
717,155,0.7274150848388672,50.989627838134766,2.7489662170410156
718,155,0.7779598236083984,50.28963088989258,2.7327537536621094
719,155,0.720977783203125,50.73952674865723,2.7577877044677734
720,154,0.7770061492919922,50.25625228881836,2.740621566772461
721,154,0.7245540618896484,51.190853118896484,2.7494430541992188
722,153,0.7772445678710938,50.05168914794922,2.7382373809814453
723,155,0.7231235504150391,51.012516021728516,2.731800079345703
724,155,0.7798671722412109,50.25744438171387,2.7298927307128906
725,155,0.7262229919433594,50.83942413330078,2.741098403930664
726,156,0.7910728454589844,50.34327507019043,2.742767333984375
727,155,0.7226467132568359,50.67086219787598,2.7637481689453125
728,156,0.7944107055664062,50.14300346374512,2.7379989624023438
729,156,0.7176399230957031,51.27286911010742,2.7391910552978516
730,156,0.7841587066650391,49.910783767700195,2.737283706665039
731,155,0.7262229919433594,50.62150955200195,2.74658203125
732,155,0.7936954498291016,50.5373477935791,2.7573108673095703
733,155,0.7219314575195312,50.6744384765625,2.7761459350585938
734,155,0.7708072662353516,50.60148239135742,2.7413368225097656
735,156,0.7319450378417969,50.707101821899414,2.76947021484375
736,156,0.8668899536132812,51.091909408569336,2.7284622192382812
737,156,0.7765293121337891,50.10271072387695,2.7451515197753906
738,156,0.7309913635253906,50.9181022644043,2.7594566345214844
739,156,0.7882118225097656,50.334930419921875,2.7472972869873047
740,154,0.7357597351074219,51.0251522064209,2.765655517578125
741,154,0.7836818695068359,49.87311363220215,2.7642250061035156
742,154,0.7228851318359375,50.83203315734863,2.7506351470947266
743,152,0.7753372192382812,50.52065849304199,2.7379989624023438
744,152,0.7309913635253906,50.93574523925781,2.7446746826171875
745,152,0.7727146148681641,50.257205963134766,2.7472972869873047
746,152,0.7231235504150391,50.82821846008301,2.754688262939453
747,152,0.7753372192382812,50.29773712158203,2.7358531951904297
748,152,0.7259845733642578,50.681352615356445,2.746105194091797
749,152,0.7762908935546875,50.2166748046875,2.7251243591308594
750,152,0.7281303405761719,51.785945892333984,2.749919891357422
751,152,0.7894039154052734,50.455331802368164,2.782106399536133
752,153,0.7214546203613281,51.57804489135742,2.748727798461914
753,153,0.7801055908203125,50.6443977355957,2.7687549591064453
754,153,0.7257461547851562,50.867319107055664,2.7670860290527344
755,153,0.7829666137695312,50.781965255737305,2.7589797973632812
756,155,0.7245540618896484,50.64225196838379,2.7484893798828125
757,155,0.7774829864501953,50.16779899597168,2.7933120727539062
758,156,0.7231235504150391,50.98772048950195,2.7523040771484375
759,156,0.7803440093994141,49.91936683654785,2.7637481689453125
760,156,0.7202625274658203,51.389455795288086,2.7914047241210938
761,156,0.7843971252441406,49.962520599365234,2.7627944946289062
762,156,0.728607177734375,50.7655143737793,2.7523040771484375
763,155,0.7770061492919922,50.46534538269043,2.766847610473633
764,155,0.7188320159912109,50.93526840209961,2.749919891357422
765,154,0.7770061492919922,50.74954032897949,2.749204635620117
766,153,0.8263587951660156,50.75693130493164,2.7189254760742188
767,153,0.7779598236083984,50.07433891296387,2.7923583984375
768,153,0.7178783416748047,50.58908462524414,2.7494430541992188
769,153,0.7207393646240234,50.27508735656738,2.7551651000976562
770,152,0.7357597351074219,50.21381378173828,2.743959426879883
771,152,0.7193088531494141,50.15969276428223,2.7327537536621094
772,152,0.7202625274658203,51.10907554626465,2.7387142181396484
773,153,0.7774829864501953,50.278663635253906,2.7735233306884766
774,154,0.8018016815185547,49.99899864196777,2.7723312377929688
775,154,0.7343292236328125,50.72593688964844,2.754688262939453
776,152,0.7874965667724609,50.65178871154785,2.735614776611328
777,153,0.7305145263671875,49.93176460266113,2.935171127319336
778,153,0.7309913635253906,50.29892921447754,2.7489662170410156
779,154,0.7226467132568359,50.29559135437012,2.7399063110351562
780,153,0.7259845733642578,50.44198036193848,2.7337074279785156
781,153,0.7214546203613281,49.99089241027832,2.7313232421875
782,154,0.7262229919433594,50.484657287597656,2.7437210083007812
783,153,0.7243156433105469,49.88908767700195,3.0760765075683594
784,152,0.7245540618896484,50.55117607116699,2.7260780334472656
785,153,0.7250308990478516,50.673723220825195,2.737283706665039
786,153,0.7240772247314453,50.269365310668945,2.7413368225097656
787,153,0.7266998291015625,50.232648849487305,2.740621566772461
788,154,0.7326602935791016,51.38850212097168,2.7413368225097656
789,155,0.7801055908203125,49.8809814453125,2.7320384979248047
790,154,0.720977783203125,50.833702087402344,2.7625560760498047
791,154,0.7827281951904297,50.734758377075195,2.7341842651367188
792,154,0.7319450378417969,50.70805549621582,2.751588821411133
793,154,0.7774829864501953,50.21929740905762,2.74658203125
794,153,0.7307529449462891,50.98986625671387,2.740621566772461
795,152,0.7739067077636719,49.88527297973633,2.736330032348633
796,153,0.732421875,51.221370697021484,2.754688262939453
797,153,0.7789134979248047,49.97563362121582,2.7418136596679688
798,153,0.7245540618896484,50.719261169433594,2.7594566345214844
799,152,0.7815361022949219,50.61173439025879,2.750873565673828
800,152,0.7214546203613281,51.29361152648926,2.752542495727539
801,151,0.7693767547607422,50.13751983642578,2.7489662170410156
802,151,0.7245540618896484,51.10907554626465,2.7425289154052734
803,151,0.7786750793457031,50.56643486022949,2.737760543823242
804,150,0.7185935974121094,50.61650276184082,2.737283706665039
805,151,0.7727146148681641,50.414085388183594,2.736806869506836
806,151,0.720977783203125,51.381587982177734,2.7437210083007812
807,150,0.7870197296142578,49.93772506713867,2.732992172241211
808,150,0.7228851318359375,50.86040496826172,2.7441978454589844
809,150,0.7717609405517578,50.44198036193848,2.7260780334472656
810,150,0.7231235504150391,50.931453704833984,2.734661102294922
811,150,0.7760524749755859,49.968719482421875,2.740621566772461
812,150,0.7243156433105469,51.48029327392578,2.7282238006591797
813,151,0.7746219635009766,49.855709075927734,2.741575241088867
814,151,0.7219314575195312,50.923824310302734,2.753734588623047
815,151,0.7746219635009766,50.46224594116211,2.7556419372558594
816,151,0.7202625274658203,50.92644691467285,2.732992172241211
817,150,0.7815361022949219,49.976348876953125,2.7649402618408203
818,150,0.7207393646240234,51.26214027404785,2.7565956115722656
819,149,0.7758140563964844,50.460100173950195,2.7496814727783203
820,150,0.7307529449462891,50.88973045349121,2.7468204498291016
821,151,0.7755756378173828,50.585031509399414,2.751588821411133
822,150,0.7181167602539062,50.86350440979004,2.7484893798828125
823,150,0.7867813110351562,51.4678955078125,2.811431884765625
824,149,0.7839202880859375,50.70972442626953,2.8066635131835938
825,151,0.78582763671875,50.23813247680664,2.766847610473633
826,152,0.8416175842285156,51.102638244628906,2.724170684814453
827,152,0.7824897766113281,49.90839958190918,2.7494430541992188
828,153,0.732421875,50.72379112243652,2.7484893798828125
829,154,0.7796287536621094,50.47249794006348,2.778291702270508
830,154,0.720977783203125,50.6749153137207,2.7446746826171875
831,155,0.7798671722412109,50.13561248779297,2.744436264038086
832,155,0.7746219635009766,51.18083953857422,2.7425289154052734
833,155,0.7753372192382812,50.339698791503906,2.7298927307128906
834,155,0.7188320159912109,50.490617752075195,2.7658939361572266
835,155,0.7765293121337891,50.37736892700195,2.74658203125
836,155,0.7202625274658203,50.82559585571289,2.7451515197753906
837,155,0.7774829864501953,50.11630058288574,2.7303695678710938
838,155,0.7221698760986328,51.30457878112793,2.742290496826172
839,155,0.7739067077636719,49.9577522277832,2.7570724487304688
840,153,0.7236003875732422,50.5831241607666,2.7472972869873047
841,152,0.7727146148681641,50.54640769958496,2.7513504028320312
842,152,0.7383823394775391,50.78697204589844,2.778768539428711
843,152,0.7767677307128906,50.09055137634277,2.7654170989990234
844,152,0.7429122924804688,51.13077163696289,2.769947052001953
845,153,0.7770061492919922,50.165653228759766,2.733945846557617
846,154,0.7243156433105469,50.76932907104492,2.7379989624023438
847,154,0.7781982421875,50.33588409423828,2.736806869506836
848,156,0.728607177734375,51.21755599975586,2.752065658569336
849,155,0.7867813110351562,50.00710487365723,2.7320384979248047
850,154,0.7185935974121094,51.158905029296875,2.7284622192382812
851,154,0.7853507995605469,49.99947547912598,2.7556419372558594
852,154,0.720977783203125,51.5742301940918,2.745389938354492
853,154,0.7741451263427734,50.05025863647461,2.722024917602539
854,154,0.728607177734375,51.18536949157715,2.7534961700439453
855,155,0.7758140563964844,50.35972595214844,2.768993377685547
856,156,0.7321834564208984,50.888776779174805,2.752542495727539
857,156,0.7927417755126953,50.12679100036621,2.7675628662109375
858,155,0.7228851318359375,50.513505935668945,2.756357192993164
859,155,0.7810592651367188,50.38595199584961,2.743959426879883
860,156,0.7243156433105469,50.95028877258301,2.7551651000976562
861,156,0.7810592651367188,50.8418083190918,2.735614776611328
862,157,0.7221698760986328,52.22463607788086,2.7565956115722656
863,158,0.7863044738769531,50.49490928649902,2.7513504028320312
864,159,0.7293224334716797,52.39367485046387,2.763986587524414
865,159,0.7817745208740234,51.07736587524414,2.7687549591064453
866,159,0.7271766662597656,52.17432975769043,2.7463436126708984
867,159,0.7798671722412109,50.8265495300293,2.761363983154297
868,158,0.7193088531494141,52.50048637390137,2.737760543823242
869,159,0.7729530334472656,51.81169509887695,2.7456283569335938
870,159,0.7216930389404297,51.8035888671875,2.7458667755126953
871,160,0.7748603820800781,52.00648307800293,2.767801284790039
872,160,0.7781982421875,51.60260200500488,2.7306079864501953
873,160,0.7238388061523438,50.69327354431152,2.9516220092773438
874,160,0.7812976837158203,50.51112174987793,2.742290496826172
875,161,0.7202625274658203,51.31888389587402,2.7670860290527344
876,161,0.7827281951904297,50.5218505859375,2.7379989624023438
877,160,0.7252693176269531,50.978899002075195,2.750396728515625
878,159,0.7784366607666016,50.23050308227539,2.7675628662109375
879,158,0.7271766662597656,50.963640213012695,2.7353763580322266
880,156,0.7770061492919922,50.20618438720703,2.7561187744140625
881,157,0.7176399230957031,51.21326446533203,2.759218215942383
882,157,0.7834434509277344,50.11463165283203,2.7320384979248047
883,157,0.7224082946777344,51.34224891662598,2.749204635620117
884,157,0.7765293121337891,49.99399185180664,2.7365684509277344
885,157,0.7305145263671875,51.44500732421875,2.7740001678466797
886,158,0.8497238159179688,50.67920684814453,2.7570724487304688
887,158,0.7855892181396484,50.475120544433594,2.7399063110351562
888,157,0.7252693176269531,50.458431243896484,2.770662307739258
889,157,0.7765293121337891,50.49538612365723,2.827882766723633
890,156,0.7259845733642578,51.5439510345459,2.7513504028320312
891,157,0.7750988006591797,50.36282539367676,2.7523040771484375
892,155,0.720977783203125,51.560163497924805,2.7496814727783203
893,157,0.7753372192382812,49.84259605407715,2.7494430541992188
894,157,0.7255077362060547,50.90928077697754,2.7518272399902344
895,157,0.7696151733398438,50.2169132232666,2.7527809143066406
896,157,0.7271766662597656,50.811767578125,2.7246475219726562
897,157,0.7755756378173828,50.47178268432617,2.746105194091797
898,156,0.7233619689941406,50.56190490722656,2.7425289154052734
899,156,0.7758140563964844,50.2316951751709,2.737760543823242
900,156,0.7278919219970703,51.171302795410156,2.7620792388916016
901,157,0.7827281951904297,51.831722259521484,2.817392349243164
902,155,0.7784366607666016,50.28200149536133,2.7322769165039062
903,154,0.7331371307373047,50.67777633666992,2.752065658569336
904,154,0.7846355438232422,50.284385681152344,2.7396678924560547
905,155,0.7243156433105469,50.742149353027344,2.7539730072021484
906,154,0.7762908935546875,50.6131649017334,2.7518272399902344
907,153,0.7328987121582031,50.65107345581055,2.7556419372558594
908,153,0.7710456848144531,50.620317459106445,2.737283706665039
909,152,0.7233619689941406,50.63581466674805,2.7489662170410156
910,152,0.7829666137695312,50.19044876098633,2.7549266815185547
911,152,0.7352828979492188,51.301002502441406,2.7618408203125
912,152,0.7791519165039062,49.86286163330078,2.7463436126708984
913,150,0.7207393646240234,50.878047943115234,2.7539730072021484
914,151,0.7772445678710938,50.49586296081543,2.7527809143066406
915,151,0.7321834564208984,50.667762756347656,2.758502960205078
916,151,0.7941722869873047,50.38118362426758,2.7399063110351562
917,152,0.7369518280029297,50.71067810058594,2.740144729614258
918,152,0.7777214050292969,50.626277923583984,2.7267932891845703
919,154,0.7193088531494141,51.12910270690918,2.7267932891845703
920,154,0.7739067077636719,49.98302459716797,2.737283706665039
921,155,0.720977783203125,51.01466178894043,2.743959426879883
922,157,0.7925033569335938,50.318241119384766,2.741098403930664
923,157,0.7231235504150391,50.73380470275879,2.7658939361572266
924,158,0.7894039154052734,50.63629150390625,2.766132354736328
925,158,0.7226467132568359,50.60935020446777,2.7456283569335938
926,160,0.7774829864501953,50.31728744506836,2.7348995208740234
927,160,0.7224082946777344,50.652265548706055,2.7327537536621094
928,160,0.7898807525634766,50.29559135437012,2.736330032348633
929,160,0.7226467132568359,50.429582595825195,2.7539730072021484
930,161,0.7224082946777344,50.12798309326172,2.7456283569335938
931,161,0.7202625274658203,50.77862739562988,2.753019332885742
932,161,0.7224082946777344,50.01258850097656,2.769947052001953
933,160,0.7276535034179688,50.8730411529541,2.7480125427246094
934,160,0.7219314575195312,49.982547760009766,3.2806396484375
935,160,0.7236003875732422,50.40550231933594,2.753734588623047
936,160,0.7314682006835938,50.11391639709473,3.1104087829589844
937,160,0.7841587066650391,50.22072792053223,2.750396728515625
938,159,0.7233619689941406,50.79984664916992,3.0405521392822266
939,158,0.8063316345214844,50.18496513366699,2.76947021484375
940,158,0.720977783203125,51.34296417236328,2.745389938354492
941,158,0.7748603820800781,50.04692077636719,2.8328895568847656
942,158,0.7226467132568359,51.11551284790039,2.7396678924560547
943,159,0.7758140563964844,49.956560134887695,2.7642250061035156
944,157,0.7202625274658203,50.792694091796875,2.7625560760498047
945,157,0.7848739624023438,50.60696601867676,2.759218215942383
946,158,0.7350444793701172,50.85921287536621,2.743959426879883
947,158,0.774383544921875,50.6284236907959,2.760648727416992
948,159,0.7207393646240234,50.6892204284668,2.7539730072021484
949,160,0.7781982421875,50.20308494567871,2.761363983154297
950,161,0.7231235504150391,51.34940147399902,2.7654170989990234
951,161,0.7810592651367188,50.196170806884766,2.768278121948242
952,160,0.7214546203613281,51.291465759277344,2.7589797973632812
953,161,0.7774829864501953,49.92175102233887,2.769947052001953
954,161,0.7228851318359375,50.84109306335449,2.774477005004883
955,162,0.7851123809814453,50.42123794555664,2.756357192993164
956,162,0.7143020629882812,50.873517990112305,2.7697086334228516
957,162,0.7786750793457031,50.69327354431152,2.7594566345214844
958,161,0.7817745208740234,50.664424896240234,2.750873565673828
959,162,0.7734298706054688,50.623416900634766,2.7663707733154297
960,163,0.7255077362060547,50.48346519470215,2.7511119842529297
961,163,0.7243156433105469,50.63509941101074,2.755880355834961
962,162,0.7269382476806641,50.470590591430664,2.742290496826172
963,161,0.7274150848388672,50.850868225097656,2.9783248901367188
964,161,0.7810592651367188,50.7960319519043,2.7573108673095703
965,161,0.720977783203125,51.84650421142578,2.760648727416992
966,161,0.7803440093994141,50.78768730163574,2.7594566345214844
967,161,0.7236003875732422,52.17766761779785,2.7556419372558594
968,161,0.7836818695068359,51.384925842285156,2.755880355834961
969,163,0.7226467132568359,52.057504653930664,2.763032913208008
970,162,0.7796287536621094,51.93662643432617,2.7632713317871094
971,161,0.7960796356201172,52.02531814575195,2.762317657470703
972,163,0.7894039154052734,50.289154052734375,2.8820037841796875
973,163,0.7786750793457031,50.20785331726074,2.7685165405273438
974,163,0.7333755493164062,50.69565773010254,2.753019332885742
975,163,0.7765293121337891,50.66370964050293,2.760171890258789
976,163,0.8702278137207031,50.60315132141113,2.74658203125
977,163,0.7252693176269531,51.761627197265625,2.757549285888672
978,163,0.7834434509277344,50.6134033203125,2.759695053100586
979,162,0.7193088531494141,51.51653289794922,2.7337074279785156
980,162,0.8075237274169922,50.5375862121582,2.7420520782470703
981,161,0.7169246673583984,51.39422416687012,2.742767333984375
982,160,0.7789134979248047,50.13251304626465,2.736806869506836
983,159,0.7154941558837891,51.26380920410156,2.743244171142578
984,162,0.7843971252441406,49.95894432067871,2.7494430541992188
985,162,0.7147789001464844,51.033973693847656,2.75421142578125
986,162,0.7722377777099609,50.406455993652344,2.7365684509277344
987,164,0.7188320159912109,50.66490173339844,2.751588821411133
988,163,0.7855892181396484,50.667524337768555,2.75421142578125
989,162,0.7164478302001953,50.659894943237305,2.7599334716796875
990,161,0.7760524749755859,50.364017486572266,2.7768611907958984
991,159,0.7295608520507812,50.75430870056152,2.7666091918945312
992,158,0.7784366607666016,50.14777183532715,2.740621566772461
993,159,0.7174015045166016,51.381587982177734,2.7627944946289062
